run_id,key,value,step,timestamp,approach
1ad87a69f3fb471d95421bc496f00015,_best_score,0.1047739773289173,1000,1687348276736,baseline
1ad87a69f3fb471d95421bc496f00015,_best_score,0.2789061910360012,2000,1687349558640,baseline
1ad87a69f3fb471d95421bc496f00015,_best_score,0.3896135683826472,3000,1687350893420,baseline
1ad87a69f3fb471d95421bc496f00015,_best_score,0.4860750864684533,4000,1687352219831,baseline
1ad87a69f3fb471d95421bc496f00015,_best_score,0.562765693892899,5000,1687353559216,baseline
1ad87a69f3fb471d95421bc496f00015,_best_score,0.6133780659137685,6000,1687354899690,baseline
1ad87a69f3fb471d95421bc496f00015,_best_score,0.6374373130699249,7000,1687356227811,baseline
1ad87a69f3fb471d95421bc496f00015,_best_score,0.6584495231142076,8000,1687357574126,baseline
1ad87a69f3fb471d95421bc496f00015,_best_score,0.6698532760448397,9000,1687358924007,baseline
1ad87a69f3fb471d95421bc496f00015,_best_score,0.6790640451328488,10000,1687360284314,baseline
1ad87a69f3fb471d95421bc496f00015,_best_score,0.6802423870080985,11000,1687361677363,baseline
1ad87a69f3fb471d95421bc496f00015,_best_score,0.6886024050539608,12000,1687363070598,baseline
1ad87a69f3fb471d95421bc496f00015,_best_score,0.6923304134127528,13000,1687364452071,baseline
1ad87a69f3fb471d95421bc496f00015,_best_score,0.6975670102452006,14000,1687365852588,baseline
1ad87a69f3fb471d95421bc496f00015,_best_score,0.7008491706607355,15000,1687367249465,baseline
1ad87a69f3fb471d95421bc496f00015,_best_score,0.702887166640389,16000,1687368622999,baseline
1ad87a69f3fb471d95421bc496f00015,_best_score,0.7032907699798115,17000,1687369983214,baseline
1ad87a69f3fb471d95421bc496f00015,_best_score,0.7076697548744638,19000,1687372726095,baseline
1ad87a69f3fb471d95421bc496f00015,_best_score,0.7121027304482174,20000,1687374097200,baseline
1ad87a69f3fb471d95421bc496f00015,_best_score,0.7121237846049495,23000,1687378205637,baseline
1ad87a69f3fb471d95421bc496f00015,_best_score,0.71310893966815,24000,1687379579745,baseline
1ad87a69f3fb471d95421bc496f00015,_best_score,0.7141325882031976,27000,1687383658567,baseline
1ad87a69f3fb471d95421bc496f00015,_best_score,0.7152451276400958,28000,1687385011785,baseline
1ad87a69f3fb471d95421bc496f00015,_best_score,0.719176125872167,29000,1687386378396,baseline
1ad87a69f3fb471d95421bc496f00015,_best_score,0.7199271420217122,33000,1687391795874,baseline
1ad87a69f3fb471d95421bc496f00015,_best_score,0.7204328616192381,35000,1687394551503,baseline
1ad87a69f3fb471d95421bc496f00015,_best_score,0.7225246305626322,36000,1687395951065,baseline
1ad87a69f3fb471d95421bc496f00015,_best_score,0.722848987068916,38000,1687398715899,baseline
1ad87a69f3fb471d95421bc496f00015,_best_score,0.7265410303035059,41000,1687402836851,baseline
1ad87a69f3fb471d95421bc496f00015,_best_score,0.7282745898131269,45000,1687408293482,baseline
1ad87a69f3fb471d95421bc496f00015,_best_score,0.7291178224058446,46000,1687409646067,baseline
1ad87a69f3fb471d95421bc496f00015,_best_score,0.7291376388581868,49000,1687413705981,baseline
1ad87a69f3fb471d95421bc496f00015,_best_score,0.729953546989919,53000,1687419210797,baseline
1ad87a69f3fb471d95421bc496f00015,_best_score,0.7306053604612189,54000,1687420587492,baseline
1ad87a69f3fb471d95421bc496f00015,_best_score,0.7331557890510286,55000,1687421968393,baseline
1ad87a69f3fb471d95421bc496f00015,_best_score,0.7334023563615536,70000,1687442922757,baseline
1ad87a69f3fb471d95421bc496f00015,_best_score,0.7334559902425672,80000,1687457020192,baseline
1ad87a69f3fb471d95421bc496f00015,_best_score,0.7334984095559333,82000,1687459766368,baseline
1ad87a69f3fb471d95421bc496f00015,_best_score,0.7341924393863652,86000,1687465350168,baseline
1ad87a69f3fb471d95421bc496f00015,_best_score,0.7345840260825482,90000,1687470978825,baseline
1ad87a69f3fb471d95421bc496f00015,_best_score,0.7347983607104875,91000,1687472385918,baseline
6c2492b3227d44b1bcb5eb1ab9bddf83,_best_score,0.0874559001740504,1000,1687507198003,baseline
6c2492b3227d44b1bcb5eb1ab9bddf83,_best_score,0.2850572888257469,2000,1687508482037,baseline
6c2492b3227d44b1bcb5eb1ab9bddf83,_best_score,0.3950623390545738,3000,1687509768730,baseline
6c2492b3227d44b1bcb5eb1ab9bddf83,_best_score,0.4795911522289706,4000,1687511102360,baseline
6c2492b3227d44b1bcb5eb1ab9bddf83,_best_score,0.5659193829436137,5000,1687512419162,baseline
6c2492b3227d44b1bcb5eb1ab9bddf83,_best_score,0.6036339161694521,6000,1687513738734,baseline
6c2492b3227d44b1bcb5eb1ab9bddf83,_best_score,0.6317630118325426,7000,1687514994917,baseline
6c2492b3227d44b1bcb5eb1ab9bddf83,_best_score,0.6459435331771477,8000,1687516281362,baseline
6c2492b3227d44b1bcb5eb1ab9bddf83,_best_score,0.6629512155049774,9000,1687517540941,baseline
6c2492b3227d44b1bcb5eb1ab9bddf83,_best_score,0.6773423933081547,10000,1687518800070,baseline
6c2492b3227d44b1bcb5eb1ab9bddf83,_best_score,0.6839056235642995,11000,1687520052459,baseline
6c2492b3227d44b1bcb5eb1ab9bddf83,_best_score,0.6864266211643136,12000,1687521343006,baseline
6c2492b3227d44b1bcb5eb1ab9bddf83,_best_score,0.6923514564535795,13000,1687522651388,baseline
6c2492b3227d44b1bcb5eb1ab9bddf83,_best_score,0.6985326453785475,14000,1687523928643,baseline
6c2492b3227d44b1bcb5eb1ab9bddf83,_best_score,0.7012429267976158,15000,1687525187844,baseline
6c2492b3227d44b1bcb5eb1ab9bddf83,_best_score,0.701847971182111,17000,1687527798772,baseline
6c2492b3227d44b1bcb5eb1ab9bddf83,_best_score,0.7052656728038205,18000,1687529117223,baseline
6c2492b3227d44b1bcb5eb1ab9bddf83,_best_score,0.7076954819170727,19000,1687530440417,baseline
6c2492b3227d44b1bcb5eb1ab9bddf83,_best_score,0.7114765407519569,20000,1687531732847,baseline
6c2492b3227d44b1bcb5eb1ab9bddf83,_best_score,0.7116634147650422,22000,1687534213336,baseline
6c2492b3227d44b1bcb5eb1ab9bddf83,_best_score,0.7144622872320846,23000,1687535455676,baseline
6c2492b3227d44b1bcb5eb1ab9bddf83,_best_score,0.7160828948480191,24000,1687536693949,baseline
6c2492b3227d44b1bcb5eb1ab9bddf83,_best_score,0.7177424014377477,26000,1687539184425,baseline
6c2492b3227d44b1bcb5eb1ab9bddf83,_best_score,0.7191049144769374,28000,1687541648103,baseline
6c2492b3227d44b1bcb5eb1ab9bddf83,_best_score,0.7195688240209389,31000,1687545357965,baseline
6c2492b3227d44b1bcb5eb1ab9bddf83,_best_score,0.720374707459472,32000,1687546605093,baseline
6c2492b3227d44b1bcb5eb1ab9bddf83,_best_score,0.7234679768839076,33000,1687547844247,baseline
6c2492b3227d44b1bcb5eb1ab9bddf83,_best_score,0.7258603982556756,35000,1687550318725,baseline
6c2492b3227d44b1bcb5eb1ab9bddf83,_best_score,0.7274615767347395,36000,1687551604236,baseline
6c2492b3227d44b1bcb5eb1ab9bddf83,_best_score,0.7274921758199345,41000,1687557884583,baseline
6c2492b3227d44b1bcb5eb1ab9bddf83,_best_score,0.729823362440941,42000,1687559143650,baseline
6c2492b3227d44b1bcb5eb1ab9bddf83,_best_score,0.7301385572488162,45000,1687562930977,baseline
6c2492b3227d44b1bcb5eb1ab9bddf83,_best_score,0.7309500530977445,49000,1687568143572,baseline
6c2492b3227d44b1bcb5eb1ab9bddf83,_best_score,0.7325727881663764,50000,1687569479161,baseline
6c2492b3227d44b1bcb5eb1ab9bddf83,_best_score,0.7335655538993177,53000,1687573533556,baseline
6c2492b3227d44b1bcb5eb1ab9bddf83,_best_score,0.7338887582911543,65000,1687589877520,baseline
6c2492b3227d44b1bcb5eb1ab9bddf83,_best_score,0.7340826015936641,69000,1687595206126,baseline
6c2492b3227d44b1bcb5eb1ab9bddf83,_best_score,0.7350688187996329,76000,1687604396111,baseline
6c2492b3227d44b1bcb5eb1ab9bddf83,_best_score,0.7355380107301014,79000,1687608344365,baseline
6c2492b3227d44b1bcb5eb1ab9bddf83,_best_score,0.7356611710908666,80000,1687609797331,baseline
6c2492b3227d44b1bcb5eb1ab9bddf83,_best_score,0.7359006249510678,82000,1687612611161,baseline
6c2492b3227d44b1bcb5eb1ab9bddf83,_best_score,0.7361242088596929,85000,1687616793106,baseline
6c2492b3227d44b1bcb5eb1ab9bddf83,_best_score,0.7366492270225818,86000,1687618173701,baseline
6c2492b3227d44b1bcb5eb1ab9bddf83,_best_score,0.73730532476682,88000,1687620931331,baseline
6c2492b3227d44b1bcb5eb1ab9bddf83,_best_score,0.7377266611319332,91000,1687625066708,baseline
6c2492b3227d44b1bcb5eb1ab9bddf83,_best_score,0.7380744591497694,94000,1687629276113,baseline
95867027b97e46678353f34233ddae29,_best_score,0.0653692291568313,1000,1687348534992,baseline
95867027b97e46678353f34233ddae29,_best_score,0.2900665043936784,2000,1687349793289,baseline
95867027b97e46678353f34233ddae29,_best_score,0.398469235744889,3000,1687351145450,baseline
95867027b97e46678353f34233ddae29,_best_score,0.5154194922542418,4000,1687352476048,baseline
95867027b97e46678353f34233ddae29,_best_score,0.579853615387645,5000,1687353781763,baseline
95867027b97e46678353f34233ddae29,_best_score,0.6149898762891715,6000,1687355136313,baseline
95867027b97e46678353f34233ddae29,_best_score,0.6379626840816185,7000,1687356491229,baseline
95867027b97e46678353f34233ddae29,_best_score,0.652426179571599,8000,1687357836406,baseline
95867027b97e46678353f34233ddae29,_best_score,0.6645440716363235,9000,1687359156744,baseline
95867027b97e46678353f34233ddae29,_best_score,0.6732528660272276,10000,1687360481459,baseline
95867027b97e46678353f34233ddae29,_best_score,0.6832131809857457,11000,1687361857173,baseline
95867027b97e46678353f34233ddae29,_best_score,0.6879596776125995,12000,1687363218097,baseline
95867027b97e46678353f34233ddae29,_best_score,0.6940133742339163,13000,1687364568934,baseline
95867027b97e46678353f34233ddae29,_best_score,0.6965965266629883,14000,1687365957918,baseline
95867027b97e46678353f34233ddae29,_best_score,0.699051898956698,16000,1687368673635,baseline
95867027b97e46678353f34233ddae29,_best_score,0.7033120202966918,17000,1687370011490,baseline
95867027b97e46678353f34233ddae29,_best_score,0.705381044018249,19000,1687372726090,baseline
95867027b97e46678353f34233ddae29,_best_score,0.707607514301115,20000,1687374097198,baseline
95867027b97e46678353f34233ddae29,_best_score,0.7078015661800007,21000,1687375470115,baseline
95867027b97e46678353f34233ddae29,_best_score,0.7094512010232428,22000,1687376832763,baseline
95867027b97e46678353f34233ddae29,_best_score,0.7128197627059272,23000,1687378204767,baseline
95867027b97e46678353f34233ddae29,_best_score,0.7139526279466173,24000,1687379578498,baseline
95867027b97e46678353f34233ddae29,_best_score,0.7161493621877804,26000,1687382301230,baseline
95867027b97e46678353f34233ddae29,_best_score,0.7172906453752409,28000,1687385011968,baseline
95867027b97e46678353f34233ddae29,_best_score,0.7185578134627962,29000,1687386377028,baseline
95867027b97e46678353f34233ddae29,_best_score,0.7199569349193143,30000,1687387731481,baseline
95867027b97e46678353f34233ddae29,_best_score,0.7227007677834048,31000,1687389094014,baseline
95867027b97e46678353f34233ddae29,_best_score,0.7251027844116266,36000,1687395949295,baseline
95867027b97e46678353f34233ddae29,_best_score,0.7268073371928238,38000,1687398714571,baseline
95867027b97e46678353f34233ddae29,_best_score,0.7287850777179857,43000,1687405569564,baseline
95867027b97e46678353f34233ddae29,_best_score,0.7295764598689564,49000,1687413703562,baseline
95867027b97e46678353f34233ddae29,_best_score,0.7298168266199514,52000,1687417823723,baseline
95867027b97e46678353f34233ddae29,_best_score,0.7308290588422425,54000,1687420585454,baseline
95867027b97e46678353f34233ddae29,_best_score,0.732991674790322,58000,1687426145258,baseline
95867027b97e46678353f34233ddae29,_best_score,0.7344488464334552,60000,1687428960521,baseline
95867027b97e46678353f34233ddae29,_best_score,0.7344598462935433,72000,1687445695055,baseline
95867027b97e46678353f34233ddae29,_best_score,0.7353830278229959,76000,1687451416741,baseline
95867027b97e46678353f34233ddae29,_best_score,0.7355046475295136,78000,1687454231565,baseline
95867027b97e46678353f34233ddae29,_best_score,0.7359662284461344,91000,1687472384961,baseline
95867027b97e46678353f34233ddae29,_best_score,0.7366726105354258,92000,1687473781731,baseline
95867027b97e46678353f34233ddae29,_best_score,0.7370565527813794,96000,1687479348635,baseline
140c4db19dc749199ffa2f1be34c12ac,_best_score,0.1170376574300043,1000,1687349262777,baseline
140c4db19dc749199ffa2f1be34c12ac,_best_score,0.2826865047080394,2000,1687350577793,baseline
140c4db19dc749199ffa2f1be34c12ac,_best_score,0.399727422849275,3000,1687351931509,baseline
140c4db19dc749199ffa2f1be34c12ac,_best_score,0.5068357126267629,4000,1687353249486,baseline
140c4db19dc749199ffa2f1be34c12ac,_best_score,0.5716297747787312,5000,1687354583518,baseline
140c4db19dc749199ffa2f1be34c12ac,_best_score,0.6096637559992044,6000,1687355938043,baseline
140c4db19dc749199ffa2f1be34c12ac,_best_score,0.6375035112858837,7000,1687357293196,baseline
140c4db19dc749199ffa2f1be34c12ac,_best_score,0.6443508474341906,8000,1687358657309,baseline
140c4db19dc749199ffa2f1be34c12ac,_best_score,0.6625141331777749,9000,1687360024380,baseline
140c4db19dc749199ffa2f1be34c12ac,_best_score,0.6723241751702622,10000,1687361433586,baseline
140c4db19dc749199ffa2f1be34c12ac,_best_score,0.6822068876685922,11000,1687362818279,baseline
140c4db19dc749199ffa2f1be34c12ac,_best_score,0.6858086721729421,12000,1687364189541,baseline
140c4db19dc749199ffa2f1be34c12ac,_best_score,0.6917473357195264,13000,1687365598783,baseline
140c4db19dc749199ffa2f1be34c12ac,_best_score,0.6938257808768835,14000,1687367040033,baseline
140c4db19dc749199ffa2f1be34c12ac,_best_score,0.6962500607065781,15000,1687368402073,baseline
140c4db19dc749199ffa2f1be34c12ac,_best_score,0.6993667924698499,16000,1687369750943,baseline
140c4db19dc749199ffa2f1be34c12ac,_best_score,0.7033167215614712,17000,1687371097574,baseline
140c4db19dc749199ffa2f1be34c12ac,_best_score,0.7040639416149111,18000,1687372430531,baseline
140c4db19dc749199ffa2f1be34c12ac,_best_score,0.7075148615215119,19000,1687373778416,baseline
140c4db19dc749199ffa2f1be34c12ac,_best_score,0.7083236596003147,21000,1687376464509,baseline
140c4db19dc749199ffa2f1be34c12ac,_best_score,0.7106393609360834,22000,1687377796566,baseline
140c4db19dc749199ffa2f1be34c12ac,_best_score,0.7170526665586187,25000,1687381861770,baseline
140c4db19dc749199ffa2f1be34c12ac,_best_score,0.7192719947687688,29000,1687387291677,baseline
140c4db19dc749199ffa2f1be34c12ac,_best_score,0.7193371061139946,30000,1687388611950,baseline
140c4db19dc749199ffa2f1be34c12ac,_best_score,0.7213571236543657,31000,1687389935014,baseline
140c4db19dc749199ffa2f1be34c12ac,_best_score,0.7236066377043987,32000,1687391253696,baseline
140c4db19dc749199ffa2f1be34c12ac,_best_score,0.7250014147570162,35000,1687395275837,baseline
140c4db19dc749199ffa2f1be34c12ac,_best_score,0.7262627197002556,37000,1687397969617,baseline
140c4db19dc749199ffa2f1be34c12ac,_best_score,0.7269144595120767,40000,1687402019924,baseline
140c4db19dc749199ffa2f1be34c12ac,_best_score,0.7273257121436009,42000,1687404684989,baseline
140c4db19dc749199ffa2f1be34c12ac,_best_score,0.7278969605950019,44000,1687407336872,baseline
140c4db19dc749199ffa2f1be34c12ac,_best_score,0.7286464635180475,45000,1687408656281,baseline
140c4db19dc749199ffa2f1be34c12ac,_best_score,0.7295565195706829,49000,1687413956507,baseline
140c4db19dc749199ffa2f1be34c12ac,_best_score,0.7304464133392796,50000,1687415290045,baseline
140c4db19dc749199ffa2f1be34c12ac,_best_score,0.7304958755756439,54000,1687420648129,baseline
140c4db19dc749199ffa2f1be34c12ac,_best_score,0.7319619312427624,55000,1687421996358,baseline
140c4db19dc749199ffa2f1be34c12ac,_best_score,0.733565985864966,59000,1687427366588,baseline
140c4db19dc749199ffa2f1be34c12ac,_best_score,0.7350878025457123,73000,1687446485196,baseline
140c4db19dc749199ffa2f1be34c12ac,_best_score,0.7355129561810313,95000,1687477011539,baseline
140c4db19dc749199ffa2f1be34c12ac,_best_score,0.735914553235749,98000,1687481153390,baseline
140c4db19dc749199ffa2f1be34c12ac,_best_score,0.7366620909232351,100000,1687483909510,baseline
c1dffa81cb094b8c80f90722b4b8f128,_best_score,0.1265904472598431,1000,1687349344830,baseline
c1dffa81cb094b8c80f90722b4b8f128,_best_score,0.2788051661563859,2000,1687350625193,baseline
c1dffa81cb094b8c80f90722b4b8f128,_best_score,0.39675441738195,3000,1687351957694,baseline
c1dffa81cb094b8c80f90722b4b8f128,_best_score,0.493477673695694,4000,1687353253275,baseline
c1dffa81cb094b8c80f90722b4b8f128,_best_score,0.567375387382134,5000,1687354583925,baseline
c1dffa81cb094b8c80f90722b4b8f128,_best_score,0.6114203813267889,6000,1687355941802,baseline
c1dffa81cb094b8c80f90722b4b8f128,_best_score,0.6268546359248388,7000,1687357294624,baseline
c1dffa81cb094b8c80f90722b4b8f128,_best_score,0.650695582230027,8000,1687358659616,baseline
c1dffa81cb094b8c80f90722b4b8f128,_best_score,0.6634852286159423,9000,1687360025491,baseline
c1dffa81cb094b8c80f90722b4b8f128,_best_score,0.673140528795342,10000,1687361437022,baseline
c1dffa81cb094b8c80f90722b4b8f128,_best_score,0.6802884418687034,11000,1687362820066,baseline
c1dffa81cb094b8c80f90722b4b8f128,_best_score,0.6867318049675228,12000,1687364193500,baseline
c1dffa81cb094b8c80f90722b4b8f128,_best_score,0.6952734290682288,13000,1687365600112,baseline
c1dffa81cb094b8c80f90722b4b8f128,_best_score,0.6991606266868472,14000,1687367042954,baseline
c1dffa81cb094b8c80f90722b4b8f128,_best_score,0.7002519030663892,15000,1687368404210,baseline
c1dffa81cb094b8c80f90722b4b8f128,_best_score,0.7043013673776478,16000,1687369753111,baseline
c1dffa81cb094b8c80f90722b4b8f128,_best_score,0.7059067308287473,17000,1687371101773,baseline
c1dffa81cb094b8c80f90722b4b8f128,_best_score,0.709717396731431,19000,1687373780956,baseline
c1dffa81cb094b8c80f90722b4b8f128,_best_score,0.7142487834245256,21000,1687376467009,baseline
c1dffa81cb094b8c80f90722b4b8f128,_best_score,0.7150560176237556,22000,1687377800163,baseline
c1dffa81cb094b8c80f90722b4b8f128,_best_score,0.7165637143415505,24000,1687380499252,baseline
c1dffa81cb094b8c80f90722b4b8f128,_best_score,0.7175382766430378,26000,1687383219894,baseline
c1dffa81cb094b8c80f90722b4b8f128,_best_score,0.7195831877061262,27000,1687384571849,baseline
c1dffa81cb094b8c80f90722b4b8f128,_best_score,0.7227176445810745,29000,1687387294625,baseline
c1dffa81cb094b8c80f90722b4b8f128,_best_score,0.7235368409883178,33000,1687392601941,baseline
c1dffa81cb094b8c80f90722b4b8f128,_best_score,0.7236626840346575,34000,1687393927993,baseline
c1dffa81cb094b8c80f90722b4b8f128,_best_score,0.7237626110552555,35000,1687395280375,baseline
c1dffa81cb094b8c80f90722b4b8f128,_best_score,0.726097898294382,36000,1687396632023,baseline
c1dffa81cb094b8c80f90722b4b8f128,_best_score,0.7265918416644693,37000,1687397971247,baseline
c1dffa81cb094b8c80f90722b4b8f128,_best_score,0.7282845219020208,40000,1687402022710,baseline
c1dffa81cb094b8c80f90722b4b8f128,_best_score,0.7308051557107987,42000,1687404691218,baseline
c1dffa81cb094b8c80f90722b4b8f128,_best_score,0.7308275659991871,53000,1687419318448,baseline
c1dffa81cb094b8c80f90722b4b8f128,_best_score,0.7311131826691464,54000,1687420652436,baseline
c1dffa81cb094b8c80f90722b4b8f128,_best_score,0.7313984577617971,55000,1687421996772,baseline
c1dffa81cb094b8c80f90722b4b8f128,_best_score,0.7316213709257996,57000,1687424672361,baseline
c1dffa81cb094b8c80f90722b4b8f128,_best_score,0.7318543458869586,59000,1687427368547,baseline
c1dffa81cb094b8c80f90722b4b8f128,_best_score,0.7323911601542268,60000,1687428736669,baseline
c1dffa81cb094b8c80f90722b4b8f128,_best_score,0.7341032824306,63000,1687432800042,baseline
c1dffa81cb094b8c80f90722b4b8f128,_best_score,0.7343929440883434,73000,1687446487381,baseline
c1dffa81cb094b8c80f90722b4b8f128,_best_score,0.7353886556104111,78000,1687453334603,baseline
c1dffa81cb094b8c80f90722b4b8f128,_best_score,0.7354402127958881,91000,1687471502779,baseline
d691ae59b3cc46b5a56a770b90e68c9a,_best_score,0.1093902394917969,1000,1687349878312,baseline
d691ae59b3cc46b5a56a770b90e68c9a,_best_score,0.2974145850068176,2000,1687351131268,baseline
d691ae59b3cc46b5a56a770b90e68c9a,_best_score,0.4045678110015551,3000,1687352406387,baseline
d691ae59b3cc46b5a56a770b90e68c9a,_best_score,0.4981110150456246,4000,1687353676077,baseline
d691ae59b3cc46b5a56a770b90e68c9a,_best_score,0.5723800658133211,5000,1687354960205,baseline
d691ae59b3cc46b5a56a770b90e68c9a,_best_score,0.6096483397374405,6000,1687356257968,baseline
d691ae59b3cc46b5a56a770b90e68c9a,_best_score,0.6324379369654218,7000,1687357533341,baseline
d691ae59b3cc46b5a56a770b90e68c9a,_best_score,0.6456313196833436,8000,1687358816374,baseline
d691ae59b3cc46b5a56a770b90e68c9a,_best_score,0.6558198459972762,9000,1687360111884,baseline
d691ae59b3cc46b5a56a770b90e68c9a,_best_score,0.6633048179124679,10000,1687361444234,baseline
d691ae59b3cc46b5a56a770b90e68c9a,_best_score,0.6836983130738902,11000,1687362773224,baseline
d691ae59b3cc46b5a56a770b90e68c9a,_best_score,0.6886143436583669,13000,1687365372870,baseline
d691ae59b3cc46b5a56a770b90e68c9a,_best_score,0.6938813870352292,14000,1687366719376,baseline
d691ae59b3cc46b5a56a770b90e68c9a,_best_score,0.6968787593197641,15000,1687368061485,baseline
d691ae59b3cc46b5a56a770b90e68c9a,_best_score,0.7019862512507704,16000,1687369368585,baseline
d691ae59b3cc46b5a56a770b90e68c9a,_best_score,0.7051367052084817,17000,1687370671592,baseline
d691ae59b3cc46b5a56a770b90e68c9a,_best_score,0.7072661783983691,20000,1687374653142,baseline
d691ae59b3cc46b5a56a770b90e68c9a,_best_score,0.7107699039547202,21000,1687375982983,baseline
d691ae59b3cc46b5a56a770b90e68c9a,_best_score,0.7122506623383414,22000,1687377304231,baseline
d691ae59b3cc46b5a56a770b90e68c9a,_best_score,0.7129724944232149,23000,1687378681767,baseline
d691ae59b3cc46b5a56a770b90e68c9a,_best_score,0.714125795648629,24000,1687380066136,baseline
d691ae59b3cc46b5a56a770b90e68c9a,_best_score,0.7161758646015275,27000,1687384223668,baseline
d691ae59b3cc46b5a56a770b90e68c9a,_best_score,0.718797036625338,29000,1687387002858,baseline
d691ae59b3cc46b5a56a770b90e68c9a,_best_score,0.719287772214651,30000,1687388409485,baseline
d691ae59b3cc46b5a56a770b90e68c9a,_best_score,0.71975358413933,35000,1687395400264,baseline
d691ae59b3cc46b5a56a770b90e68c9a,_best_score,0.7219587743734523,36000,1687396817929,baseline
d691ae59b3cc46b5a56a770b90e68c9a,_best_score,0.7230725506867588,38000,1687399606217,baseline
d691ae59b3cc46b5a56a770b90e68c9a,_best_score,0.7230917834414946,40000,1687402397296,baseline
d691ae59b3cc46b5a56a770b90e68c9a,_best_score,0.7255338669982943,41000,1687403792093,baseline
d691ae59b3cc46b5a56a770b90e68c9a,_best_score,0.7260101074461113,42000,1687405186426,baseline
d691ae59b3cc46b5a56a770b90e68c9a,_best_score,0.726185869291234,43000,1687406565180,baseline
d691ae59b3cc46b5a56a770b90e68c9a,_best_score,0.7264233550384476,45000,1687409347947,baseline
d691ae59b3cc46b5a56a770b90e68c9a,_best_score,0.7274516182711985,46000,1687410739789,baseline
d691ae59b3cc46b5a56a770b90e68c9a,_best_score,0.7283581049622859,47000,1687412122550,baseline
d691ae59b3cc46b5a56a770b90e68c9a,_best_score,0.7285482842751011,48000,1687413503831,baseline
d691ae59b3cc46b5a56a770b90e68c9a,_best_score,0.7290478655231933,49000,1687414898479,baseline
d691ae59b3cc46b5a56a770b90e68c9a,_best_score,0.7298685317871835,52000,1687419048731,baseline
d691ae59b3cc46b5a56a770b90e68c9a,_best_score,0.7303238640772404,54000,1687421823573,baseline
d691ae59b3cc46b5a56a770b90e68c9a,_best_score,0.7307705088709744,55000,1687423192426,baseline
d691ae59b3cc46b5a56a770b90e68c9a,_best_score,0.7326657711790713,57000,1687425983387,baseline
d691ae59b3cc46b5a56a770b90e68c9a,_best_score,0.7344347279411647,65000,1687437219289,baseline
d691ae59b3cc46b5a56a770b90e68c9a,_best_score,0.7346013881707443,73000,1687448437020,baseline
bf91efffbe79480e90057e71efb86633,_best_score,0.120183930671572,1000,1687349411022,baseline
bf91efffbe79480e90057e71efb86633,_best_score,0.2765972186249822,2000,1687350639220,baseline
bf91efffbe79480e90057e71efb86633,_best_score,0.3920996870559888,3000,1687351937161,baseline
bf91efffbe79480e90057e71efb86633,_best_score,0.4871373103388488,4000,1687353213947,baseline
bf91efffbe79480e90057e71efb86633,_best_score,0.5540602463605498,5000,1687354510611,baseline
bf91efffbe79480e90057e71efb86633,_best_score,0.6076448332433557,6000,1687355824386,baseline
bf91efffbe79480e90057e71efb86633,_best_score,0.6330196003395118,7000,1687357122117,baseline
bf91efffbe79480e90057e71efb86633,_best_score,0.6500951123837642,8000,1687358417602,baseline
bf91efffbe79480e90057e71efb86633,_best_score,0.6633154102279893,9000,1687359714425,baseline
bf91efffbe79480e90057e71efb86633,_best_score,0.6642435816516691,10000,1687361050200,baseline
bf91efffbe79480e90057e71efb86633,_best_score,0.6705102750976385,11000,1687362403673,baseline
bf91efffbe79480e90057e71efb86633,_best_score,0.6869965394138912,12000,1687363734846,baseline
bf91efffbe79480e90057e71efb86633,_best_score,0.6885584294880205,13000,1687365067554,baseline
bf91efffbe79480e90057e71efb86633,_best_score,0.6926132754974981,14000,1687366434149,baseline
bf91efffbe79480e90057e71efb86633,_best_score,0.6975526521201231,15000,1687367792744,baseline
bf91efffbe79480e90057e71efb86633,_best_score,0.6987596697035913,16000,1687369113934,baseline
bf91efffbe79480e90057e71efb86633,_best_score,0.7010859899432708,17000,1687370442657,baseline
bf91efffbe79480e90057e71efb86633,_best_score,0.7040579632997666,18000,1687371800079,baseline
bf91efffbe79480e90057e71efb86633,_best_score,0.7067304927303821,20000,1687374527670,baseline
bf91efffbe79480e90057e71efb86633,_best_score,0.7105758314701457,21000,1687375915894,baseline
bf91efffbe79480e90057e71efb86633,_best_score,0.7115155476345346,22000,1687377286810,baseline
bf91efffbe79480e90057e71efb86633,_best_score,0.7155054975943081,24000,1687380067997,baseline
bf91efffbe79480e90057e71efb86633,_best_score,0.7171960255669797,26000,1687382852154,baseline
bf91efffbe79480e90057e71efb86633,_best_score,0.717785783524217,30000,1687388411206,baseline
bf91efffbe79480e90057e71efb86633,_best_score,0.7212896311842186,31000,1687389802543,baseline
bf91efffbe79480e90057e71efb86633,_best_score,0.7230113407420711,32000,1687391191030,baseline
bf91efffbe79480e90057e71efb86633,_best_score,0.7231761643102864,34000,1687393998150,baseline
bf91efffbe79480e90057e71efb86633,_best_score,0.724742762254269,39000,1687401005229,baseline
bf91efffbe79480e90057e71efb86633,_best_score,0.7260999902767917,40000,1687402400134,baseline
bf91efffbe79480e90057e71efb86633,_best_score,0.7267636285194421,42000,1687405188367,baseline
bf91efffbe79480e90057e71efb86633,_best_score,0.7271813505370628,47000,1687412125119,baseline
bf91efffbe79480e90057e71efb86633,_best_score,0.727725180867942,48000,1687413505898,baseline
bf91efffbe79480e90057e71efb86633,_best_score,0.7283838474463599,50000,1687416271105,baseline
bf91efffbe79480e90057e71efb86633,_best_score,0.7285442937232188,51000,1687417662614,baseline
bf91efffbe79480e90057e71efb86633,_best_score,0.7287451812106392,52000,1687419051246,baseline
bf91efffbe79480e90057e71efb86633,_best_score,0.7294835292873972,53000,1687420443267,baseline
bf91efffbe79480e90057e71efb86633,_best_score,0.7296502461806456,58000,1687427375719,baseline
bf91efffbe79480e90057e71efb86633,_best_score,0.7309081279945766,59000,1687428794418,baseline
bf91efffbe79480e90057e71efb86633,_best_score,0.7309437909315565,60000,1687430202992,baseline
bf91efffbe79480e90057e71efb86633,_best_score,0.7316518796414687,66000,1687438615140,baseline
bf91efffbe79480e90057e71efb86633,_best_score,0.7316700624301224,69000,1687442803456,baseline
bf91efffbe79480e90057e71efb86633,_best_score,0.7339554919850647,72000,1687446997560,baseline
bf91efffbe79480e90057e71efb86633,_best_score,0.7348902323235791,73000,1687448440098,baseline
bf91efffbe79480e90057e71efb86633,_best_score,0.7352054929178887,86000,1687466680207,baseline
3ff8128fdebb4c9da0033fbd22f86bee,_best_score,0.1355802016357405,1000,1687505880476,baseline
3ff8128fdebb4c9da0033fbd22f86bee,_best_score,0.277885067543632,2000,1687507624221,baseline
3ff8128fdebb4c9da0033fbd22f86bee,_best_score,0.3930859178694806,3000,1687509501616,baseline
3ff8128fdebb4c9da0033fbd22f86bee,_best_score,0.476431687960045,4000,1687510974136,baseline
3ff8128fdebb4c9da0033fbd22f86bee,_best_score,0.552238481775467,5000,1687512343581,baseline
3ff8128fdebb4c9da0033fbd22f86bee,_best_score,0.6043775476450584,6000,1687513873894,baseline
3ff8128fdebb4c9da0033fbd22f86bee,_best_score,0.6299120063390579,7000,1687515317367,baseline
3ff8128fdebb4c9da0033fbd22f86bee,_best_score,0.6468900011728919,8000,1687516772965,baseline
3ff8128fdebb4c9da0033fbd22f86bee,_best_score,0.6608209262900512,9000,1687518249410,baseline
3ff8128fdebb4c9da0033fbd22f86bee,_best_score,0.6692931030645839,10000,1687519664141,baseline
3ff8128fdebb4c9da0033fbd22f86bee,_best_score,0.6777452113487726,11000,1687521578573,baseline
3ff8128fdebb4c9da0033fbd22f86bee,_best_score,0.6854883174653382,12000,1687523056090,baseline
3ff8128fdebb4c9da0033fbd22f86bee,_best_score,0.690696377366346,13000,1687524506640,baseline
3ff8128fdebb4c9da0033fbd22f86bee,_best_score,0.6914357800670633,14000,1687525957911,baseline
3ff8128fdebb4c9da0033fbd22f86bee,_best_score,0.6998316538498804,15000,1687527429903,baseline
3ff8128fdebb4c9da0033fbd22f86bee,_best_score,0.7008994059063961,16000,1687528919822,baseline
3ff8128fdebb4c9da0033fbd22f86bee,_best_score,0.7011424754745051,17000,1687530385841,baseline
3ff8128fdebb4c9da0033fbd22f86bee,_best_score,0.7052591195054996,18000,1687531790457,baseline
3ff8128fdebb4c9da0033fbd22f86bee,_best_score,0.7087822802088692,19000,1687533196291,baseline
3ff8128fdebb4c9da0033fbd22f86bee,_best_score,0.7106365733077649,23000,1687538782454,baseline
3ff8128fdebb4c9da0033fbd22f86bee,_best_score,0.7123987469007282,24000,1687540188607,baseline
3ff8128fdebb4c9da0033fbd22f86bee,_best_score,0.7137972569930223,25000,1687541570388,baseline
3ff8128fdebb4c9da0033fbd22f86bee,_best_score,0.7163626471336185,28000,1687545670624,baseline
3ff8128fdebb4c9da0033fbd22f86bee,_best_score,0.7172837880341716,29000,1687547038640,baseline
3ff8128fdebb4c9da0033fbd22f86bee,_best_score,0.720649723889039,31000,1687549828159,baseline
3ff8128fdebb4c9da0033fbd22f86bee,_best_score,0.720851450677936,32000,1687551259125,baseline
3ff8128fdebb4c9da0033fbd22f86bee,_best_score,0.7217294138646053,33000,1687552713082,baseline
3ff8128fdebb4c9da0033fbd22f86bee,_best_score,0.7217992993153687,36000,1687556853032,baseline
3ff8128fdebb4c9da0033fbd22f86bee,_best_score,0.7236137306105321,38000,1687559633170,baseline
3ff8128fdebb4c9da0033fbd22f86bee,_best_score,0.7241082162173992,41000,1687563839935,baseline
3ff8128fdebb4c9da0033fbd22f86bee,_best_score,0.7254476516275665,42000,1687565219948,baseline
3ff8128fdebb4c9da0033fbd22f86bee,_best_score,0.7262384034316767,43000,1687566686340,baseline
3ff8128fdebb4c9da0033fbd22f86bee,_best_score,0.7267474141449515,44000,1687568141550,baseline
3ff8128fdebb4c9da0033fbd22f86bee,_best_score,0.7284120767452684,49000,1687575304585,baseline
3ff8128fdebb4c9da0033fbd22f86bee,_best_score,0.7287855504812613,50000,1687576699951,baseline
3ff8128fdebb4c9da0033fbd22f86bee,_best_score,0.7294553082692014,51000,1687578077044,baseline
3ff8128fdebb4c9da0033fbd22f86bee,_best_score,0.7294822508916202,54000,1687582221561,baseline
3ff8128fdebb4c9da0033fbd22f86bee,_best_score,0.7309311643343439,55000,1687583614678,baseline
3ff8128fdebb4c9da0033fbd22f86bee,_best_score,0.731376021030354,58000,1687587793841,baseline
3ff8128fdebb4c9da0033fbd22f86bee,_best_score,0.7318443047176874,62000,1687593248009,baseline
3ff8128fdebb4c9da0033fbd22f86bee,_best_score,0.7333365800165231,63000,1687594621695,baseline
3ff8128fdebb4c9da0033fbd22f86bee,_best_score,0.7336033209882494,66000,1687598595796,baseline
3ff8128fdebb4c9da0033fbd22f86bee,_best_score,0.7347756693299491,76000,1687612004544,baseline
3ff8128fdebb4c9da0033fbd22f86bee,_best_score,0.7348433420498508,78000,1687614751281,baseline
3ff8128fdebb4c9da0033fbd22f86bee,_best_score,0.735063410234956,87000,1687627061547,baseline
3ff8128fdebb4c9da0033fbd22f86bee,_best_score,0.7351518653794041,94000,1687636791077,baseline
3ff8128fdebb4c9da0033fbd22f86bee,_best_score,0.7356159383203824,95000,1687638202604,baseline
3ff8128fdebb4c9da0033fbd22f86bee,_best_score,0.73575592508374,100000,1687645009542,baseline
ab631b9d0f6e4c14b707378fb9b7da19,_best_score,0.0941867209658706,1000,1687506118856,baseline
ab631b9d0f6e4c14b707378fb9b7da19,_best_score,0.2699418287749811,2000,1687507902245,baseline
ab631b9d0f6e4c14b707378fb9b7da19,_best_score,0.3878035413270721,3000,1687509728536,baseline
ab631b9d0f6e4c14b707378fb9b7da19,_best_score,0.4877408722774795,4000,1687511187380,baseline
ab631b9d0f6e4c14b707378fb9b7da19,_best_score,0.5735592669734242,5000,1687512517191,baseline
ab631b9d0f6e4c14b707378fb9b7da19,_best_score,0.6117406612681442,6000,1687513993527,baseline
ab631b9d0f6e4c14b707378fb9b7da19,_best_score,0.6346761809796878,7000,1687515374972,baseline
ab631b9d0f6e4c14b707378fb9b7da19,_best_score,0.6442075439922987,8000,1687516791604,baseline
ab631b9d0f6e4c14b707378fb9b7da19,_best_score,0.6552032832942168,9000,1687518248313,baseline
ab631b9d0f6e4c14b707378fb9b7da19,_best_score,0.6627525451517389,10000,1687519663256,baseline
ab631b9d0f6e4c14b707378fb9b7da19,_best_score,0.6663507204523436,11000,1687521575852,baseline
ab631b9d0f6e4c14b707378fb9b7da19,_best_score,0.6782024226039828,12000,1687523055732,baseline
ab631b9d0f6e4c14b707378fb9b7da19,_best_score,0.6821443197869048,13000,1687524505317,baseline
ab631b9d0f6e4c14b707378fb9b7da19,_best_score,0.6891837256230388,14000,1687525957712,baseline
ab631b9d0f6e4c14b707378fb9b7da19,_best_score,0.6913533238376308,15000,1687527428831,baseline
ab631b9d0f6e4c14b707378fb9b7da19,_best_score,0.6950453086544973,16000,1687528917557,baseline
ab631b9d0f6e4c14b707378fb9b7da19,_best_score,0.6994176006149428,17000,1687530385102,baseline
ab631b9d0f6e4c14b707378fb9b7da19,_best_score,0.7030611372328517,19000,1687533195193,baseline
ab631b9d0f6e4c14b707378fb9b7da19,_best_score,0.7040373607008679,20000,1687534601795,baseline
ab631b9d0f6e4c14b707378fb9b7da19,_best_score,0.7061699655322824,21000,1687535991609,baseline
ab631b9d0f6e4c14b707378fb9b7da19,_best_score,0.7094450835857821,22000,1687537382630,baseline
ab631b9d0f6e4c14b707378fb9b7da19,_best_score,0.7127231380877227,23000,1687538781768,baseline
ab631b9d0f6e4c14b707378fb9b7da19,_best_score,0.7175483739407609,28000,1687545670173,baseline
ab631b9d0f6e4c14b707378fb9b7da19,_best_score,0.7188593132803539,32000,1687551258073,baseline
ab631b9d0f6e4c14b707378fb9b7da19,_best_score,0.7194871850965077,34000,1687554077413,baseline
ab631b9d0f6e4c14b707378fb9b7da19,_best_score,0.7242570049187854,36000,1687556851924,baseline
ab631b9d0f6e4c14b707378fb9b7da19,_best_score,0.7245059576507585,41000,1687563838537,baseline
ab631b9d0f6e4c14b707378fb9b7da19,_best_score,0.7248087118653997,44000,1687568139682,baseline
ab631b9d0f6e4c14b707378fb9b7da19,_best_score,0.7257944729006949,46000,1687571025998,baseline
ab631b9d0f6e4c14b707378fb9b7da19,_best_score,0.7290630035491004,47000,1687572440263,baseline
ab631b9d0f6e4c14b707378fb9b7da19,_best_score,0.7298722749364,52000,1687579472083,baseline
ab631b9d0f6e4c14b707378fb9b7da19,_best_score,0.7304534872527141,55000,1687583613574,baseline
ab631b9d0f6e4c14b707378fb9b7da19,_best_score,0.7308667844941295,62000,1687593248181,baseline
ab631b9d0f6e4c14b707378fb9b7da19,_best_score,0.7312746231376664,64000,1687595955999,baseline
ab631b9d0f6e4c14b707378fb9b7da19,_best_score,0.7315012440192356,66000,1687598595055,baseline
ab631b9d0f6e4c14b707378fb9b7da19,_best_score,0.731929608312921,67000,1687599906207,baseline
ab631b9d0f6e4c14b707378fb9b7da19,_best_score,0.7324994591363437,72000,1687606511349,baseline
ab631b9d0f6e4c14b707378fb9b7da19,_best_score,0.7326796098976444,74000,1687609230964,baseline
ab631b9d0f6e4c14b707378fb9b7da19,_best_score,0.7339459001884547,76000,1687612004311,baseline
ab631b9d0f6e4c14b707378fb9b7da19,_best_score,0.7344630646584858,84000,1687622978794,baseline
ab631b9d0f6e4c14b707378fb9b7da19,_best_score,0.7346661782357198,85000,1687624336264,baseline
ab631b9d0f6e4c14b707378fb9b7da19,_best_score,0.7349978843241199,92000,1687633969201,baseline
ab631b9d0f6e4c14b707378fb9b7da19,_best_score,0.7350519734059319,93000,1687635373793,baseline
ab631b9d0f6e4c14b707378fb9b7da19,_best_score,0.7355719298638597,94000,1687636790379,baseline
ab631b9d0f6e4c14b707378fb9b7da19,_best_score,0.7358386529385538,95000,1687638202188,baseline
a450f87f3a7647558a6734c7efdd97b0,_best_score,0.0697688493923192,1000,1687506444859,baseline
a450f87f3a7647558a6734c7efdd97b0,_best_score,0.2845344157759544,2000,1687507701722,baseline
a450f87f3a7647558a6734c7efdd97b0,_best_score,0.3863620761242086,3000,1687508999522,baseline
a450f87f3a7647558a6734c7efdd97b0,_best_score,0.4773297516965178,4000,1687510291090,baseline
a450f87f3a7647558a6734c7efdd97b0,_best_score,0.5789235259552362,5000,1687511602942,baseline
a450f87f3a7647558a6734c7efdd97b0,_best_score,0.6173260001668723,6000,1687512897365,baseline
a450f87f3a7647558a6734c7efdd97b0,_best_score,0.6325557867035275,7000,1687514223228,baseline
a450f87f3a7647558a6734c7efdd97b0,_best_score,0.6494970124053855,8000,1687515483896,baseline
a450f87f3a7647558a6734c7efdd97b0,_best_score,0.6694649511456718,9000,1687516801964,baseline
a450f87f3a7647558a6734c7efdd97b0,_best_score,0.674894396085473,10000,1687518059025,baseline
a450f87f3a7647558a6734c7efdd97b0,_best_score,0.6838605474159009,11000,1687519344047,baseline
a450f87f3a7647558a6734c7efdd97b0,_best_score,0.6851869126920712,12000,1687520606316,baseline
a450f87f3a7647558a6734c7efdd97b0,_best_score,0.6942066337988395,13000,1687521932849,baseline
a450f87f3a7647558a6734c7efdd97b0,_best_score,0.6952162877131213,14000,1687523231106,baseline
a450f87f3a7647558a6734c7efdd97b0,_best_score,0.700355518658184,15000,1687524491158,baseline
a450f87f3a7647558a6734c7efdd97b0,_best_score,0.7009960732534376,16000,1687525765168,baseline
a450f87f3a7647558a6734c7efdd97b0,_best_score,0.7057113902146288,18000,1687528351582,baseline
a450f87f3a7647558a6734c7efdd97b0,_best_score,0.7103216290562876,19000,1687529659381,baseline
a450f87f3a7647558a6734c7efdd97b0,_best_score,0.7121341424524054,20000,1687530957954,baseline
a450f87f3a7647558a6734c7efdd97b0,_best_score,0.7131422764120445,24000,1687535939189,baseline
a450f87f3a7647558a6734c7efdd97b0,_best_score,0.7168801601963548,25000,1687537176495,baseline
a450f87f3a7647558a6734c7efdd97b0,_best_score,0.7173611192069842,26000,1687538419294,baseline
a450f87f3a7647558a6734c7efdd97b0,_best_score,0.7179249025603962,28000,1687540873979,baseline
a450f87f3a7647558a6734c7efdd97b0,_best_score,0.7197612004293938,30000,1687543338306,baseline
a450f87f3a7647558a6734c7efdd97b0,_best_score,0.7209415587612531,32000,1687545798892,baseline
a450f87f3a7647558a6734c7efdd97b0,_best_score,0.723032938182937,35000,1687549520167,baseline
a450f87f3a7647558a6734c7efdd97b0,_best_score,0.7241913464416481,36000,1687550753296,baseline
a450f87f3a7647558a6734c7efdd97b0,_best_score,0.725141903245762,39000,1687554491355,baseline
a450f87f3a7647558a6734c7efdd97b0,_best_score,0.7253059697938885,40000,1687555736998,baseline
a450f87f3a7647558a6734c7efdd97b0,_best_score,0.726581070271377,44000,1687560762569,baseline
a450f87f3a7647558a6734c7efdd97b0,_best_score,0.727243986749515,46000,1687563285252,baseline
a450f87f3a7647558a6734c7efdd97b0,_best_score,0.7278092874511453,49000,1687567142651,baseline
a450f87f3a7647558a6734c7efdd97b0,_best_score,0.7284242588939174,53000,1687572411684,baseline
a450f87f3a7647558a6734c7efdd97b0,_best_score,0.7291484678030505,56000,1687576382275,baseline
a450f87f3a7647558a6734c7efdd97b0,_best_score,0.7302880571425854,58000,1687579097300,baseline
a450f87f3a7647558a6734c7efdd97b0,_best_score,0.730450563276526,60000,1687581808808,baseline
a450f87f3a7647558a6734c7efdd97b0,_best_score,0.7312408513604352,62000,1687584493851,baseline
a450f87f3a7647558a6734c7efdd97b0,_best_score,0.7340317590569106,66000,1687589877147,baseline
a450f87f3a7647558a6734c7efdd97b0,_best_score,0.7344277173859941,80000,1687608344750,baseline
a450f87f3a7647558a6734c7efdd97b0,_best_score,0.734865468786135,86000,1687616793792,baseline
a450f87f3a7647558a6734c7efdd97b0,_best_score,0.7354901051818633,87000,1687618174633,baseline
a450f87f3a7647558a6734c7efdd97b0,_best_score,0.7359960890812726,93000,1687626444158,baseline
f6f62d19ae6f421b95530208be5c69bf,_best_score,0.6150525640639233,1000,1688427588781,mlm
f6f62d19ae6f421b95530208be5c69bf,_best_score,0.6855610817561486,2000,1688428930392,mlm
f6f62d19ae6f421b95530208be5c69bf,_best_score,0.705517815719123,3000,1688430264795,mlm
f6f62d19ae6f421b95530208be5c69bf,_best_score,0.7113648573205114,4000,1688431564588,mlm
f6f62d19ae6f421b95530208be5c69bf,_best_score,0.71621093761843,5000,1688432887618,mlm
f6f62d19ae6f421b95530208be5c69bf,_best_score,0.7249436144825577,6000,1688434211868,mlm
f6f62d19ae6f421b95530208be5c69bf,_best_score,0.7276984608112805,8000,1688436863128,mlm
f6f62d19ae6f421b95530208be5c69bf,_best_score,0.7304364549791139,10000,1688439455786,mlm
f6f62d19ae6f421b95530208be5c69bf,_best_score,0.7308767431330075,11000,1688440722603,mlm
f6f62d19ae6f421b95530208be5c69bf,_best_score,0.7348627663851212,12000,1688441984832,mlm
f6f62d19ae6f421b95530208be5c69bf,_best_score,0.7359566442284362,16000,1688447029219,mlm
f6f62d19ae6f421b95530208be5c69bf,_best_score,0.7362566727133647,18000,1688449546178,mlm
f6f62d19ae6f421b95530208be5c69bf,_best_score,0.740047824613456,19000,1688450806002,mlm
f6f62d19ae6f421b95530208be5c69bf,_best_score,0.7406730000518396,31000,1688466351236,mlm
f6f62d19ae6f421b95530208be5c69bf,_best_score,0.7414095059654028,33000,1688468896246,mlm
07ddf189b262435c9f473760b035404a,_best_score,0.6001064138896699,1000,1688469180999,mlm
07ddf189b262435c9f473760b035404a,_best_score,0.6821147914385316,2000,1688470486769,mlm
07ddf189b262435c9f473760b035404a,_best_score,0.7009580253738215,3000,1688471779246,mlm
07ddf189b262435c9f473760b035404a,_best_score,0.7102242583566393,4000,1688473082693,mlm
07ddf189b262435c9f473760b035404a,_best_score,0.7200159180322129,5000,1688474390764,mlm
07ddf189b262435c9f473760b035404a,_best_score,0.72458180067808,6000,1688475568636,mlm
07ddf189b262435c9f473760b035404a,_best_score,0.724871829116016,7000,1688476819247,mlm
07ddf189b262435c9f473760b035404a,_best_score,0.7251196732017376,8000,1688477970114,mlm
07ddf189b262435c9f473760b035404a,_best_score,0.7301117442418966,9000,1688479089966,mlm
07ddf189b262435c9f473760b035404a,_best_score,0.7317611223765741,10000,1688480202567,mlm
07ddf189b262435c9f473760b035404a,_best_score,0.7353928713297266,12000,1688482395890,mlm
07ddf189b262435c9f473760b035404a,_best_score,0.7354314223132055,16000,1688486806162,mlm
07ddf189b262435c9f473760b035404a,_best_score,0.7382745178232868,18000,1688488958347,mlm
07ddf189b262435c9f473760b035404a,_best_score,0.7394063641690989,20000,1688491441151,mlm
07ddf189b262435c9f473760b035404a,_best_score,0.7396356642413194,22000,1688494003604,mlm
07ddf189b262435c9f473760b035404a,_best_score,0.7401207503267334,24000,1688496613659,mlm
07ddf189b262435c9f473760b035404a,_best_score,0.7409438487035488,28000,1688501670956,mlm
07ddf189b262435c9f473760b035404a,_best_score,0.7434864499748801,29000,1688502889023,mlm
c30600cea37c4cc18973d6e5c8f4754f,_best_score,0.6108397015341046,1000,1688425868279,mlm
c30600cea37c4cc18973d6e5c8f4754f,_best_score,0.6861383321204675,2000,1688427272936,mlm
c30600cea37c4cc18973d6e5c8f4754f,_best_score,0.7026967780557578,3000,1688428630381,mlm
c30600cea37c4cc18973d6e5c8f4754f,_best_score,0.7120917685062681,4000,1688429953859,mlm
c30600cea37c4cc18973d6e5c8f4754f,_best_score,0.7202931193221384,5000,1688431269698,mlm
c30600cea37c4cc18973d6e5c8f4754f,_best_score,0.7237205127549072,6000,1688432581690,mlm
c30600cea37c4cc18973d6e5c8f4754f,_best_score,0.7275995144715348,8000,1688435189153,mlm
c30600cea37c4cc18973d6e5c8f4754f,_best_score,0.727905892971035,9000,1688436486110,mlm
c30600cea37c4cc18973d6e5c8f4754f,_best_score,0.7286586401317251,10000,1688437765040,mlm
c30600cea37c4cc18973d6e5c8f4754f,_best_score,0.728910856809279,11000,1688439031217,mlm
c30600cea37c4cc18973d6e5c8f4754f,_best_score,0.7304553577789186,12000,1688440294832,mlm
c30600cea37c4cc18973d6e5c8f4754f,_best_score,0.7332797170182844,14000,1688442805225,mlm
c30600cea37c4cc18973d6e5c8f4754f,_best_score,0.7353873841540349,15000,1688444064753,mlm
c30600cea37c4cc18973d6e5c8f4754f,_best_score,0.7354159497929065,16000,1688445337265,mlm
c30600cea37c4cc18973d6e5c8f4754f,_best_score,0.7372807696782583,17000,1688446586526,mlm
c30600cea37c4cc18973d6e5c8f4754f,_best_score,0.7385401722183821,19000,1688449091312,mlm
c30600cea37c4cc18973d6e5c8f4754f,_best_score,0.7395127470495468,26000,1688458168975,mlm
c30600cea37c4cc18973d6e5c8f4754f,_best_score,0.7411175407233583,27000,1688459454151,mlm
c30600cea37c4cc18973d6e5c8f4754f,_best_score,0.7431625594705399,32000,1688465923866,mlm
c30600cea37c4cc18973d6e5c8f4754f,_best_score,0.7438444013478448,44000,1688481147579,mlm
c30600cea37c4cc18973d6e5c8f4754f,_best_score,0.7438701669450691,45000,1688482392091,mlm
c30600cea37c4cc18973d6e5c8f4754f,_best_score,0.7440471436902497,47000,1688484778698,mlm
5d8d79b8ad97459bbc6884313fbb6085,_best_score,0.6052497502450571,1000,1688426623483,mlm
5d8d79b8ad97459bbc6884313fbb6085,_best_score,0.6857876502048409,2000,1688427901376,mlm
5d8d79b8ad97459bbc6884313fbb6085,_best_score,0.7033571135874498,3000,1688429182117,mlm
5d8d79b8ad97459bbc6884313fbb6085,_best_score,0.7159924855443912,4000,1688430449259,mlm
5d8d79b8ad97459bbc6884313fbb6085,_best_score,0.7240370925481854,6000,1688432952138,mlm
5d8d79b8ad97459bbc6884313fbb6085,_best_score,0.7258857095986948,7000,1688434227528,mlm
5d8d79b8ad97459bbc6884313fbb6085,_best_score,0.7288220001697893,8000,1688435491662,mlm
5d8d79b8ad97459bbc6884313fbb6085,_best_score,0.7320010052841482,11000,1688439293124,mlm
5d8d79b8ad97459bbc6884313fbb6085,_best_score,0.7329314388776595,12000,1688440564952,mlm
5d8d79b8ad97459bbc6884313fbb6085,_best_score,0.7330384125007916,13000,1688441804521,mlm
5d8d79b8ad97459bbc6884313fbb6085,_best_score,0.7336133064836748,14000,1688443070480,mlm
5d8d79b8ad97459bbc6884313fbb6085,_best_score,0.7362191663671844,15000,1688444354856,mlm
5d8d79b8ad97459bbc6884313fbb6085,_best_score,0.7374487432176057,16000,1688445656590,mlm
5d8d79b8ad97459bbc6884313fbb6085,_best_score,0.7398031944573178,19000,1688449601630,mlm
5d8d79b8ad97459bbc6884313fbb6085,_best_score,0.7439092487777087,24000,1688456209865,mlm
2aaea514d9c5491fb671ebc53b2d19db,_best_score,0.6071783209007475,1000,1688427157136,mlm
2aaea514d9c5491fb671ebc53b2d19db,_best_score,0.6873578305685734,2000,1688428428216,mlm
2aaea514d9c5491fb671ebc53b2d19db,_best_score,0.7027830650527931,3000,1688429702474,mlm
2aaea514d9c5491fb671ebc53b2d19db,_best_score,0.7147928881795164,4000,1688430972840,mlm
2aaea514d9c5491fb671ebc53b2d19db,_best_score,0.7183957173490959,5000,1688432227880,mlm
2aaea514d9c5491fb671ebc53b2d19db,_best_score,0.7233399711459042,6000,1688433496619,mlm
2aaea514d9c5491fb671ebc53b2d19db,_best_score,0.7260925984296026,8000,1688436031189,mlm
2aaea514d9c5491fb671ebc53b2d19db,_best_score,0.7284821375382183,9000,1688437303240,mlm
2aaea514d9c5491fb671ebc53b2d19db,_best_score,0.7305236117720516,10000,1688438534072,mlm
2aaea514d9c5491fb671ebc53b2d19db,_best_score,0.7310142957779129,11000,1688439765085,mlm
2aaea514d9c5491fb671ebc53b2d19db,_best_score,0.7348717522874046,12000,1688441013513,mlm
2aaea514d9c5491fb671ebc53b2d19db,_best_score,0.7360000467894922,15000,1688444745577,mlm
2aaea514d9c5491fb671ebc53b2d19db,_best_score,0.7378947518687142,18000,1688448573877,mlm
2aaea514d9c5491fb671ebc53b2d19db,_best_score,0.7392624093387495,19000,1688449871843,mlm
2aaea514d9c5491fb671ebc53b2d19db,_best_score,0.739413880198264,23000,1688455211413,mlm
2aaea514d9c5491fb671ebc53b2d19db,_best_score,0.7396140076135687,24000,1688456520631,mlm
2aaea514d9c5491fb671ebc53b2d19db,_best_score,0.7415628403167848,25000,1688457842158,mlm
2aaea514d9c5491fb671ebc53b2d19db,_best_score,0.7428095392505673,26000,1688459147769,mlm
8aa46cbcf8284528bdee165b8e120dec,_best_score,0.60668492388372,1000,1688427775742,mlm
8aa46cbcf8284528bdee165b8e120dec,_best_score,0.6819926227882142,2000,1688429186438,mlm
8aa46cbcf8284528bdee165b8e120dec,_best_score,0.7015405410517502,3000,1688430549928,mlm
8aa46cbcf8284528bdee165b8e120dec,_best_score,0.7126003416768047,4000,1688431881967,mlm
8aa46cbcf8284528bdee165b8e120dec,_best_score,0.7129027935054618,5000,1688433245101,mlm
8aa46cbcf8284528bdee165b8e120dec,_best_score,0.7232417990227211,6000,1688434633597,mlm
8aa46cbcf8284528bdee165b8e120dec,_best_score,0.7252385209184117,8000,1688437368915,mlm
8aa46cbcf8284528bdee165b8e120dec,_best_score,0.7320359479844045,9000,1688438723232,mlm
8aa46cbcf8284528bdee165b8e120dec,_best_score,0.732848262450442,11000,1688441457591,mlm
8aa46cbcf8284528bdee165b8e120dec,_best_score,0.7345333180374811,12000,1688442800091,mlm
8aa46cbcf8284528bdee165b8e120dec,_best_score,0.7383530238722514,17000,1688449618965,mlm
8aa46cbcf8284528bdee165b8e120dec,_best_score,0.7385764962056824,21000,1688455133592,mlm
8aa46cbcf8284528bdee165b8e120dec,_best_score,0.7405811692287416,23000,1688457963934,mlm
8aa46cbcf8284528bdee165b8e120dec,_best_score,0.741268591203362,24000,1688459329295,mlm
8aa46cbcf8284528bdee165b8e120dec,_best_score,0.7412759726134123,35000,1688474422122,mlm
8aa46cbcf8284528bdee165b8e120dec,_best_score,0.741941326695729,36000,1688475800388,mlm
8aa46cbcf8284528bdee165b8e120dec,_best_score,0.7429952281419923,39000,1688479963609,mlm
8aa46cbcf8284528bdee165b8e120dec,_best_score,0.7430813505682947,51000,1688496277272,mlm
8aa46cbcf8284528bdee165b8e120dec,_best_score,0.7434229122959366,52000,1688497626082,mlm
8aa46cbcf8284528bdee165b8e120dec,_best_score,0.7437205971895159,53000,1688498960931,mlm
b9edac4bb6ad443abb2fc3e99232f6d3,_best_score,0.6043070360545467,1000,1688427854230,mlm
b9edac4bb6ad443abb2fc3e99232f6d3,_best_score,0.6872830477791382,2000,1688429219006,mlm
b9edac4bb6ad443abb2fc3e99232f6d3,_best_score,0.701699859394764,3000,1688430549184,mlm
b9edac4bb6ad443abb2fc3e99232f6d3,_best_score,0.7114345757371093,4000,1688431881981,mlm
b9edac4bb6ad443abb2fc3e99232f6d3,_best_score,0.7181710335711756,5000,1688433242726,mlm
b9edac4bb6ad443abb2fc3e99232f6d3,_best_score,0.7231757440889868,6000,1688434633976,mlm
b9edac4bb6ad443abb2fc3e99232f6d3,_best_score,0.7240154547414865,7000,1688435986128,mlm
b9edac4bb6ad443abb2fc3e99232f6d3,_best_score,0.7263314900195207,8000,1688437367975,mlm
b9edac4bb6ad443abb2fc3e99232f6d3,_best_score,0.7290365661269987,9000,1688438721492,mlm
b9edac4bb6ad443abb2fc3e99232f6d3,_best_score,0.7307269323928498,10000,1688440088750,mlm
b9edac4bb6ad443abb2fc3e99232f6d3,_best_score,0.7309989288369554,11000,1688441455494,mlm
b9edac4bb6ad443abb2fc3e99232f6d3,_best_score,0.7320111489684651,12000,1688442799360,mlm
b9edac4bb6ad443abb2fc3e99232f6d3,_best_score,0.7364466411946519,14000,1688445522892,mlm
b9edac4bb6ad443abb2fc3e99232f6d3,_best_score,0.7386023670334052,18000,1688450986226,mlm
b9edac4bb6ad443abb2fc3e99232f6d3,_best_score,0.7396263466362443,21000,1688455133010,mlm
b9edac4bb6ad443abb2fc3e99232f6d3,_best_score,0.7422861584557104,26000,1688462067796,mlm
b9edac4bb6ad443abb2fc3e99232f6d3,_best_score,0.7424186845676412,35000,1688474421377,mlm
b9edac4bb6ad443abb2fc3e99232f6d3,_best_score,0.7425701880431249,50000,1688494898496,mlm
b9edac4bb6ad443abb2fc3e99232f6d3,_best_score,0.7430916543031804,51000,1688496275905,mlm
b9edac4bb6ad443abb2fc3e99232f6d3,_best_score,0.7435476478065979,54000,1688500253165,mlm
b9edac4bb6ad443abb2fc3e99232f6d3,_best_score,0.7435795912325014,63000,1688512419757,mlm
b9edac4bb6ad443abb2fc3e99232f6d3,_best_score,0.7438420876138175,73000,1688523041490,mlm
b9edac4bb6ad443abb2fc3e99232f6d3,_best_score,0.7438678290306753,76000,1688525971900,mlm
b9edac4bb6ad443abb2fc3e99232f6d3,_best_score,0.7439302035254817,86000,1688535841412,mlm
d0ab039b7bb54a42a3c41b36e257c03d,_best_score,0.6136751589210998,1000,1688428456253,mlm
d0ab039b7bb54a42a3c41b36e257c03d,_best_score,0.6864843092843231,2000,1688429800549,mlm
d0ab039b7bb54a42a3c41b36e257c03d,_best_score,0.6982337614804099,3000,1688431131740,mlm
d0ab039b7bb54a42a3c41b36e257c03d,_best_score,0.7117035764664742,4000,1688432427532,mlm
d0ab039b7bb54a42a3c41b36e257c03d,_best_score,0.719815866665081,5000,1688433727601,mlm
d0ab039b7bb54a42a3c41b36e257c03d,_best_score,0.7212800851117219,6000,1688435090689,mlm
d0ab039b7bb54a42a3c41b36e257c03d,_best_score,0.7246848232584774,7000,1688436413319,mlm
d0ab039b7bb54a42a3c41b36e257c03d,_best_score,0.7283491618365289,8000,1688437723247,mlm
d0ab039b7bb54a42a3c41b36e257c03d,_best_score,0.730488388100032,9000,1688439018943,mlm
d0ab039b7bb54a42a3c41b36e257c03d,_best_score,0.7307250209724843,14000,1688445584646,mlm
d0ab039b7bb54a42a3c41b36e257c03d,_best_score,0.7344709464329481,15000,1688446886152,mlm
d0ab039b7bb54a42a3c41b36e257c03d,_best_score,0.7350265298372233,17000,1688449521271,mlm
d0ab039b7bb54a42a3c41b36e257c03d,_best_score,0.7355494988534853,18000,1688450843357,mlm
d0ab039b7bb54a42a3c41b36e257c03d,_best_score,0.7368936974493714,20000,1688453465038,mlm
d0ab039b7bb54a42a3c41b36e257c03d,_best_score,0.7400715259443993,21000,1688454804560,mlm
d0ab039b7bb54a42a3c41b36e257c03d,_best_score,0.741256077249333,30000,1688466625631,mlm
d0ab039b7bb54a42a3c41b36e257c03d,_best_score,0.7424311380332697,33000,1688470498543,mlm
d0ab039b7bb54a42a3c41b36e257c03d,_best_score,0.743711843982,36000,1688474315914,mlm
d0ab039b7bb54a42a3c41b36e257c03d,_best_score,0.7463419472447254,42000,1688481939344,mlm
d788419ad46d406680937af9f38ce9ae,_best_score,0.6123805259603797,1000,1688429176551,mlm
d788419ad46d406680937af9f38ce9ae,_best_score,0.6821990498027655,2000,1688430312686,mlm
d788419ad46d406680937af9f38ce9ae,_best_score,0.7048697233615052,3000,1688431419840,mlm
d788419ad46d406680937af9f38ce9ae,_best_score,0.7109350501854564,4000,1688432516986,mlm
d788419ad46d406680937af9f38ce9ae,_best_score,0.7221806168971188,5000,1688433614305,mlm
d788419ad46d406680937af9f38ce9ae,_best_score,0.7274033324494747,8000,1688436834181,mlm
d788419ad46d406680937af9f38ce9ae,_best_score,0.7300789255869958,9000,1688437900394,mlm
d788419ad46d406680937af9f38ce9ae,_best_score,0.7316086184000208,10000,1688438958281,mlm
d788419ad46d406680937af9f38ce9ae,_best_score,0.7337424780735846,12000,1688441088455,mlm
d788419ad46d406680937af9f38ce9ae,_best_score,0.7365346234749963,16000,1688445329080,mlm
d788419ad46d406680937af9f38ce9ae,_best_score,0.7368358509944909,17000,1688446407680,mlm
d788419ad46d406680937af9f38ce9ae,_best_score,0.7383169894028885,18000,1688447469534,mlm
d788419ad46d406680937af9f38ce9ae,_best_score,0.7400364980361887,19000,1688448522944,mlm
d788419ad46d406680937af9f38ce9ae,_best_score,0.7415180931932007,20000,1688449579451,mlm
1019e37f7fce45bd94213fc2ddcf1190,_best_score,0.6054123296613882,1000,1688428222144,mlm
1019e37f7fce45bd94213fc2ddcf1190,_best_score,0.6886114399059734,2000,1688429566778,mlm
1019e37f7fce45bd94213fc2ddcf1190,_best_score,0.7009665114942335,3000,1688430886083,mlm
1019e37f7fce45bd94213fc2ddcf1190,_best_score,0.7101916811098872,4000,1688432190787,mlm
1019e37f7fce45bd94213fc2ddcf1190,_best_score,0.7175581789038771,5000,1688433522032,mlm
1019e37f7fce45bd94213fc2ddcf1190,_best_score,0.7254297580172564,6000,1688434849669,mlm
1019e37f7fce45bd94213fc2ddcf1190,_best_score,0.7263901486210663,8000,1688437464765,mlm
1019e37f7fce45bd94213fc2ddcf1190,_best_score,0.7318505589622667,10000,1688440105543,mlm
1019e37f7fce45bd94213fc2ddcf1190,_best_score,0.7371568283089698,13000,1688444051887,mlm
1019e37f7fce45bd94213fc2ddcf1190,_best_score,0.7372153740314364,14000,1688445358227,mlm
1019e37f7fce45bd94213fc2ddcf1190,_best_score,0.7380117823580737,16000,1688447963317,mlm
1019e37f7fce45bd94213fc2ddcf1190,_best_score,0.7410263665852993,17000,1688449270280,mlm
1019e37f7fce45bd94213fc2ddcf1190,_best_score,0.7422749455123648,28000,1688463666194,mlm
1019e37f7fce45bd94213fc2ddcf1190,_best_score,0.7423421514681297,31000,1688467533993,mlm
1019e37f7fce45bd94213fc2ddcf1190,_best_score,0.7438143622670988,43000,1688482726599,mlm
