run_id,key,value,step,timestamp
a450f87f3a7647558a6734c7efdd97b0,_best_score,0.06976884939231925,1000,1687506444859
a450f87f3a7647558a6734c7efdd97b0,_best_score,0.28453441577595445,2000,1687507701722
a450f87f3a7647558a6734c7efdd97b0,_best_score,0.38636207612420864,3000,1687508999522
a450f87f3a7647558a6734c7efdd97b0,_best_score,0.4773297516965178,4000,1687510291090
a450f87f3a7647558a6734c7efdd97b0,_best_score,0.5789235259552362,5000,1687511602942
a450f87f3a7647558a6734c7efdd97b0,_best_score,0.6173260001668723,6000,1687512897365
a450f87f3a7647558a6734c7efdd97b0,_best_score,0.6325557867035275,7000,1687514223228
a450f87f3a7647558a6734c7efdd97b0,_best_score,0.6494970124053855,8000,1687515483896
a450f87f3a7647558a6734c7efdd97b0,_best_score,0.6694649511456718,9000,1687516801964
a450f87f3a7647558a6734c7efdd97b0,_best_score,0.674894396085473,10000,1687518059025
a450f87f3a7647558a6734c7efdd97b0,_best_score,0.6838605474159009,11000,1687519344047
a450f87f3a7647558a6734c7efdd97b0,_best_score,0.6851869126920712,12000,1687520606316
a450f87f3a7647558a6734c7efdd97b0,_best_score,0.6942066337988395,13000,1687521932849
a450f87f3a7647558a6734c7efdd97b0,_best_score,0.6952162877131213,14000,1687523231106
a450f87f3a7647558a6734c7efdd97b0,_best_score,0.700355518658184,15000,1687524491158
a450f87f3a7647558a6734c7efdd97b0,_best_score,0.7009960732534376,16000,1687525765168
a450f87f3a7647558a6734c7efdd97b0,_best_score,0.7057113902146288,18000,1687528351582
a450f87f3a7647558a6734c7efdd97b0,_best_score,0.7103216290562876,19000,1687529659381
a450f87f3a7647558a6734c7efdd97b0,_best_score,0.7121341424524054,20000,1687530957954
a450f87f3a7647558a6734c7efdd97b0,_best_score,0.7131422764120445,24000,1687535939189
a450f87f3a7647558a6734c7efdd97b0,_best_score,0.7168801601963548,25000,1687537176495
a450f87f3a7647558a6734c7efdd97b0,_best_score,0.7173611192069842,26000,1687538419294
a450f87f3a7647558a6734c7efdd97b0,_best_score,0.7179249025603962,28000,1687540873979
a450f87f3a7647558a6734c7efdd97b0,_best_score,0.7197612004293938,30000,1687543338306
a450f87f3a7647558a6734c7efdd97b0,_best_score,0.7209415587612531,32000,1687545798892
a450f87f3a7647558a6734c7efdd97b0,_best_score,0.723032938182937,35000,1687549520167
a450f87f3a7647558a6734c7efdd97b0,_best_score,0.7241913464416481,36000,1687550753296
a450f87f3a7647558a6734c7efdd97b0,_best_score,0.725141903245762,39000,1687554491355
a450f87f3a7647558a6734c7efdd97b0,_best_score,0.7253059697938885,40000,1687555736998
a450f87f3a7647558a6734c7efdd97b0,_best_score,0.726581070271377,44000,1687560762569
a450f87f3a7647558a6734c7efdd97b0,_best_score,0.727243986749515,46000,1687563285252
a450f87f3a7647558a6734c7efdd97b0,_best_score,0.7278092874511453,49000,1687567142651
a450f87f3a7647558a6734c7efdd97b0,_best_score,0.7284242588939174,53000,1687572411684
a450f87f3a7647558a6734c7efdd97b0,_best_score,0.7291484678030505,56000,1687576382275
a450f87f3a7647558a6734c7efdd97b0,_best_score,0.7302880571425854,58000,1687579097300
a450f87f3a7647558a6734c7efdd97b0,_best_score,0.730450563276526,60000,1687581808808
a450f87f3a7647558a6734c7efdd97b0,_best_score,0.7312408513604352,62000,1687584493851
a450f87f3a7647558a6734c7efdd97b0,_best_score,0.7340317590569106,66000,1687589877147
a450f87f3a7647558a6734c7efdd97b0,_best_score,0.7344277173859941,80000,1687608344750
a450f87f3a7647558a6734c7efdd97b0,_best_score,0.734865468786135,86000,1687616793792
a450f87f3a7647558a6734c7efdd97b0,_best_score,0.7354901051818633,87000,1687618174633
a450f87f3a7647558a6734c7efdd97b0,_best_score,0.7359960890812726,93000,1687626444158
ab631b9d0f6e4c14b707378fb9b7da19,_best_score,0.09418672096587064,1000,1687506118856
ab631b9d0f6e4c14b707378fb9b7da19,_best_score,0.26994182877498113,2000,1687507902245
ab631b9d0f6e4c14b707378fb9b7da19,_best_score,0.3878035413270721,3000,1687509728536
ab631b9d0f6e4c14b707378fb9b7da19,_best_score,0.48774087227747953,4000,1687511187380
ab631b9d0f6e4c14b707378fb9b7da19,_best_score,0.5735592669734242,5000,1687512517191
ab631b9d0f6e4c14b707378fb9b7da19,_best_score,0.6117406612681442,6000,1687513993527
ab631b9d0f6e4c14b707378fb9b7da19,_best_score,0.6346761809796878,7000,1687515374972
ab631b9d0f6e4c14b707378fb9b7da19,_best_score,0.6442075439922987,8000,1687516791604
ab631b9d0f6e4c14b707378fb9b7da19,_best_score,0.6552032832942168,9000,1687518248313
ab631b9d0f6e4c14b707378fb9b7da19,_best_score,0.6627525451517389,10000,1687519663256
ab631b9d0f6e4c14b707378fb9b7da19,_best_score,0.6663507204523436,11000,1687521575852
ab631b9d0f6e4c14b707378fb9b7da19,_best_score,0.6782024226039828,12000,1687523055732
ab631b9d0f6e4c14b707378fb9b7da19,_best_score,0.6821443197869048,13000,1687524505317
ab631b9d0f6e4c14b707378fb9b7da19,_best_score,0.6891837256230388,14000,1687525957712
ab631b9d0f6e4c14b707378fb9b7da19,_best_score,0.6913533238376308,15000,1687527428831
ab631b9d0f6e4c14b707378fb9b7da19,_best_score,0.6950453086544973,16000,1687528917557
ab631b9d0f6e4c14b707378fb9b7da19,_best_score,0.6994176006149428,17000,1687530385102
ab631b9d0f6e4c14b707378fb9b7da19,_best_score,0.7030611372328517,19000,1687533195193
ab631b9d0f6e4c14b707378fb9b7da19,_best_score,0.7040373607008679,20000,1687534601795
ab631b9d0f6e4c14b707378fb9b7da19,_best_score,0.7061699655322824,21000,1687535991609
ab631b9d0f6e4c14b707378fb9b7da19,_best_score,0.7094450835857821,22000,1687537382630
ab631b9d0f6e4c14b707378fb9b7da19,_best_score,0.7127231380877227,23000,1687538781768
ab631b9d0f6e4c14b707378fb9b7da19,_best_score,0.7175483739407609,28000,1687545670173
ab631b9d0f6e4c14b707378fb9b7da19,_best_score,0.7188593132803539,32000,1687551258073
ab631b9d0f6e4c14b707378fb9b7da19,_best_score,0.7194871850965077,34000,1687554077413
ab631b9d0f6e4c14b707378fb9b7da19,_best_score,0.7242570049187854,36000,1687556851924
ab631b9d0f6e4c14b707378fb9b7da19,_best_score,0.7245059576507585,41000,1687563838537
ab631b9d0f6e4c14b707378fb9b7da19,_best_score,0.7248087118653997,44000,1687568139682
ab631b9d0f6e4c14b707378fb9b7da19,_best_score,0.7257944729006949,46000,1687571025998
ab631b9d0f6e4c14b707378fb9b7da19,_best_score,0.7290630035491004,47000,1687572440263
ab631b9d0f6e4c14b707378fb9b7da19,_best_score,0.7298722749364,52000,1687579472083
ab631b9d0f6e4c14b707378fb9b7da19,_best_score,0.7304534872527141,55000,1687583613574
ab631b9d0f6e4c14b707378fb9b7da19,_best_score,0.7308667844941295,62000,1687593248181
ab631b9d0f6e4c14b707378fb9b7da19,_best_score,0.7312746231376664,64000,1687595955999
ab631b9d0f6e4c14b707378fb9b7da19,_best_score,0.7315012440192356,66000,1687598595055
ab631b9d0f6e4c14b707378fb9b7da19,_best_score,0.731929608312921,67000,1687599906207
ab631b9d0f6e4c14b707378fb9b7da19,_best_score,0.7324994591363437,72000,1687606511349
ab631b9d0f6e4c14b707378fb9b7da19,_best_score,0.7326796098976444,74000,1687609230964
ab631b9d0f6e4c14b707378fb9b7da19,_best_score,0.7339459001884547,76000,1687612004311
ab631b9d0f6e4c14b707378fb9b7da19,_best_score,0.7344630646584858,84000,1687622978794
ab631b9d0f6e4c14b707378fb9b7da19,_best_score,0.7346661782357198,85000,1687624336264
ab631b9d0f6e4c14b707378fb9b7da19,_best_score,0.7349978843241199,92000,1687633969201
ab631b9d0f6e4c14b707378fb9b7da19,_best_score,0.7350519734059319,93000,1687635373793
ab631b9d0f6e4c14b707378fb9b7da19,_best_score,0.7355719298638597,94000,1687636790379
ab631b9d0f6e4c14b707378fb9b7da19,_best_score,0.7358386529385538,95000,1687638202188
3ff8128fdebb4c9da0033fbd22f86bee,_best_score,0.1355802016357405,1000,1687505880476
3ff8128fdebb4c9da0033fbd22f86bee,_best_score,0.27788506754363207,2000,1687507624221
3ff8128fdebb4c9da0033fbd22f86bee,_best_score,0.39308591786948066,3000,1687509501616
3ff8128fdebb4c9da0033fbd22f86bee,_best_score,0.47643168796004504,4000,1687510974136
3ff8128fdebb4c9da0033fbd22f86bee,_best_score,0.552238481775467,5000,1687512343581
3ff8128fdebb4c9da0033fbd22f86bee,_best_score,0.6043775476450584,6000,1687513873894
3ff8128fdebb4c9da0033fbd22f86bee,_best_score,0.6299120063390579,7000,1687515317367
3ff8128fdebb4c9da0033fbd22f86bee,_best_score,0.6468900011728919,8000,1687516772965
3ff8128fdebb4c9da0033fbd22f86bee,_best_score,0.6608209262900512,9000,1687518249410
3ff8128fdebb4c9da0033fbd22f86bee,_best_score,0.6692931030645839,10000,1687519664141
3ff8128fdebb4c9da0033fbd22f86bee,_best_score,0.6777452113487726,11000,1687521578573
3ff8128fdebb4c9da0033fbd22f86bee,_best_score,0.6854883174653382,12000,1687523056090
3ff8128fdebb4c9da0033fbd22f86bee,_best_score,0.690696377366346,13000,1687524506640
3ff8128fdebb4c9da0033fbd22f86bee,_best_score,0.6914357800670633,14000,1687525957911
3ff8128fdebb4c9da0033fbd22f86bee,_best_score,0.6998316538498804,15000,1687527429903
3ff8128fdebb4c9da0033fbd22f86bee,_best_score,0.7008994059063961,16000,1687528919822
3ff8128fdebb4c9da0033fbd22f86bee,_best_score,0.7011424754745051,17000,1687530385841
3ff8128fdebb4c9da0033fbd22f86bee,_best_score,0.7052591195054996,18000,1687531790457
3ff8128fdebb4c9da0033fbd22f86bee,_best_score,0.7087822802088692,19000,1687533196291
3ff8128fdebb4c9da0033fbd22f86bee,_best_score,0.7106365733077649,23000,1687538782454
3ff8128fdebb4c9da0033fbd22f86bee,_best_score,0.7123987469007282,24000,1687540188607
3ff8128fdebb4c9da0033fbd22f86bee,_best_score,0.7137972569930223,25000,1687541570388
3ff8128fdebb4c9da0033fbd22f86bee,_best_score,0.7163626471336185,28000,1687545670624
3ff8128fdebb4c9da0033fbd22f86bee,_best_score,0.7172837880341716,29000,1687547038640
3ff8128fdebb4c9da0033fbd22f86bee,_best_score,0.720649723889039,31000,1687549828159
3ff8128fdebb4c9da0033fbd22f86bee,_best_score,0.720851450677936,32000,1687551259125
3ff8128fdebb4c9da0033fbd22f86bee,_best_score,0.7217294138646053,33000,1687552713082
3ff8128fdebb4c9da0033fbd22f86bee,_best_score,0.7217992993153687,36000,1687556853032
3ff8128fdebb4c9da0033fbd22f86bee,_best_score,0.7236137306105321,38000,1687559633170
3ff8128fdebb4c9da0033fbd22f86bee,_best_score,0.7241082162173992,41000,1687563839935
3ff8128fdebb4c9da0033fbd22f86bee,_best_score,0.7254476516275665,42000,1687565219948
3ff8128fdebb4c9da0033fbd22f86bee,_best_score,0.7262384034316767,43000,1687566686340
3ff8128fdebb4c9da0033fbd22f86bee,_best_score,0.7267474141449515,44000,1687568141550
3ff8128fdebb4c9da0033fbd22f86bee,_best_score,0.7284120767452684,49000,1687575304585
3ff8128fdebb4c9da0033fbd22f86bee,_best_score,0.7287855504812613,50000,1687576699951
3ff8128fdebb4c9da0033fbd22f86bee,_best_score,0.7294553082692014,51000,1687578077044
3ff8128fdebb4c9da0033fbd22f86bee,_best_score,0.7294822508916202,54000,1687582221561
3ff8128fdebb4c9da0033fbd22f86bee,_best_score,0.7309311643343439,55000,1687583614678
3ff8128fdebb4c9da0033fbd22f86bee,_best_score,0.731376021030354,58000,1687587793841
3ff8128fdebb4c9da0033fbd22f86bee,_best_score,0.7318443047176874,62000,1687593248009
3ff8128fdebb4c9da0033fbd22f86bee,_best_score,0.7333365800165231,63000,1687594621695
3ff8128fdebb4c9da0033fbd22f86bee,_best_score,0.7336033209882494,66000,1687598595796
3ff8128fdebb4c9da0033fbd22f86bee,_best_score,0.7347756693299491,76000,1687612004544
3ff8128fdebb4c9da0033fbd22f86bee,_best_score,0.7348433420498508,78000,1687614751281
3ff8128fdebb4c9da0033fbd22f86bee,_best_score,0.735063410234956,87000,1687627061547
3ff8128fdebb4c9da0033fbd22f86bee,_best_score,0.7351518653794041,94000,1687636791077
3ff8128fdebb4c9da0033fbd22f86bee,_best_score,0.7356159383203824,95000,1687638202604
3ff8128fdebb4c9da0033fbd22f86bee,_best_score,0.73575592508374,100000,1687645009542
d691ae59b3cc46b5a56a770b90e68c9a,_best_score,0.10939023949179692,1000,1687349878312
d691ae59b3cc46b5a56a770b90e68c9a,_best_score,0.29741458500681767,2000,1687351131268
d691ae59b3cc46b5a56a770b90e68c9a,_best_score,0.40456781100155514,3000,1687352406387
d691ae59b3cc46b5a56a770b90e68c9a,_best_score,0.4981110150456246,4000,1687353676077
d691ae59b3cc46b5a56a770b90e68c9a,_best_score,0.5723800658133211,5000,1687354960205
d691ae59b3cc46b5a56a770b90e68c9a,_best_score,0.6096483397374405,6000,1687356257968
d691ae59b3cc46b5a56a770b90e68c9a,_best_score,0.6324379369654218,7000,1687357533341
d691ae59b3cc46b5a56a770b90e68c9a,_best_score,0.6456313196833436,8000,1687358816374
d691ae59b3cc46b5a56a770b90e68c9a,_best_score,0.6558198459972762,9000,1687360111884
d691ae59b3cc46b5a56a770b90e68c9a,_best_score,0.6633048179124679,10000,1687361444234
d691ae59b3cc46b5a56a770b90e68c9a,_best_score,0.6836983130738902,11000,1687362773224
d691ae59b3cc46b5a56a770b90e68c9a,_best_score,0.6886143436583669,13000,1687365372870
d691ae59b3cc46b5a56a770b90e68c9a,_best_score,0.6938813870352292,14000,1687366719376
d691ae59b3cc46b5a56a770b90e68c9a,_best_score,0.6968787593197641,15000,1687368061485
d691ae59b3cc46b5a56a770b90e68c9a,_best_score,0.7019862512507704,16000,1687369368585
d691ae59b3cc46b5a56a770b90e68c9a,_best_score,0.7051367052084817,17000,1687370671592
d691ae59b3cc46b5a56a770b90e68c9a,_best_score,0.7072661783983691,20000,1687374653142
d691ae59b3cc46b5a56a770b90e68c9a,_best_score,0.7107699039547202,21000,1687375982983
d691ae59b3cc46b5a56a770b90e68c9a,_best_score,0.7122506623383414,22000,1687377304231
d691ae59b3cc46b5a56a770b90e68c9a,_best_score,0.7129724944232149,23000,1687378681767
d691ae59b3cc46b5a56a770b90e68c9a,_best_score,0.714125795648629,24000,1687380066136
d691ae59b3cc46b5a56a770b90e68c9a,_best_score,0.7161758646015275,27000,1687384223668
d691ae59b3cc46b5a56a770b90e68c9a,_best_score,0.718797036625338,29000,1687387002858
d691ae59b3cc46b5a56a770b90e68c9a,_best_score,0.719287772214651,30000,1687388409485
d691ae59b3cc46b5a56a770b90e68c9a,_best_score,0.71975358413933,35000,1687395400264
d691ae59b3cc46b5a56a770b90e68c9a,_best_score,0.7219587743734523,36000,1687396817929
d691ae59b3cc46b5a56a770b90e68c9a,_best_score,0.7230725506867588,38000,1687399606217
d691ae59b3cc46b5a56a770b90e68c9a,_best_score,0.7230917834414946,40000,1687402397296
d691ae59b3cc46b5a56a770b90e68c9a,_best_score,0.7255338669982943,41000,1687403792093
d691ae59b3cc46b5a56a770b90e68c9a,_best_score,0.7260101074461113,42000,1687405186426
d691ae59b3cc46b5a56a770b90e68c9a,_best_score,0.726185869291234,43000,1687406565180
d691ae59b3cc46b5a56a770b90e68c9a,_best_score,0.7264233550384476,45000,1687409347947
d691ae59b3cc46b5a56a770b90e68c9a,_best_score,0.7274516182711985,46000,1687410739789
d691ae59b3cc46b5a56a770b90e68c9a,_best_score,0.7283581049622859,47000,1687412122550
d691ae59b3cc46b5a56a770b90e68c9a,_best_score,0.7285482842751011,48000,1687413503831
d691ae59b3cc46b5a56a770b90e68c9a,_best_score,0.7290478655231933,49000,1687414898479
d691ae59b3cc46b5a56a770b90e68c9a,_best_score,0.7298685317871835,52000,1687419048731
d691ae59b3cc46b5a56a770b90e68c9a,_best_score,0.7303238640772404,54000,1687421823573
d691ae59b3cc46b5a56a770b90e68c9a,_best_score,0.7307705088709744,55000,1687423192426
d691ae59b3cc46b5a56a770b90e68c9a,_best_score,0.7326657711790713,57000,1687425983387
d691ae59b3cc46b5a56a770b90e68c9a,_best_score,0.7344347279411647,65000,1687437219289
d691ae59b3cc46b5a56a770b90e68c9a,_best_score,0.7346013881707443,73000,1687448437020
bf91efffbe79480e90057e71efb86633,_best_score,0.12018393067157201,1000,1687349411022
bf91efffbe79480e90057e71efb86633,_best_score,0.27659721862498227,2000,1687350639220
bf91efffbe79480e90057e71efb86633,_best_score,0.3920996870559888,3000,1687351937161
bf91efffbe79480e90057e71efb86633,_best_score,0.48713731033884883,4000,1687353213947
bf91efffbe79480e90057e71efb86633,_best_score,0.5540602463605498,5000,1687354510611
bf91efffbe79480e90057e71efb86633,_best_score,0.6076448332433557,6000,1687355824386
bf91efffbe79480e90057e71efb86633,_best_score,0.6330196003395118,7000,1687357122117
bf91efffbe79480e90057e71efb86633,_best_score,0.6500951123837642,8000,1687358417602
bf91efffbe79480e90057e71efb86633,_best_score,0.6633154102279893,9000,1687359714425
bf91efffbe79480e90057e71efb86633,_best_score,0.6642435816516691,10000,1687361050200
bf91efffbe79480e90057e71efb86633,_best_score,0.6705102750976385,11000,1687362403673
bf91efffbe79480e90057e71efb86633,_best_score,0.6869965394138912,12000,1687363734846
bf91efffbe79480e90057e71efb86633,_best_score,0.6885584294880205,13000,1687365067554
bf91efffbe79480e90057e71efb86633,_best_score,0.6926132754974981,14000,1687366434149
bf91efffbe79480e90057e71efb86633,_best_score,0.6975526521201231,15000,1687367792744
bf91efffbe79480e90057e71efb86633,_best_score,0.6987596697035913,16000,1687369113934
bf91efffbe79480e90057e71efb86633,_best_score,0.7010859899432708,17000,1687370442657
bf91efffbe79480e90057e71efb86633,_best_score,0.7040579632997666,18000,1687371800079
bf91efffbe79480e90057e71efb86633,_best_score,0.7067304927303821,20000,1687374527670
bf91efffbe79480e90057e71efb86633,_best_score,0.7105758314701457,21000,1687375915894
bf91efffbe79480e90057e71efb86633,_best_score,0.7115155476345346,22000,1687377286810
bf91efffbe79480e90057e71efb86633,_best_score,0.7155054975943081,24000,1687380067997
bf91efffbe79480e90057e71efb86633,_best_score,0.7171960255669797,26000,1687382852154
bf91efffbe79480e90057e71efb86633,_best_score,0.717785783524217,30000,1687388411206
bf91efffbe79480e90057e71efb86633,_best_score,0.7212896311842186,31000,1687389802543
bf91efffbe79480e90057e71efb86633,_best_score,0.7230113407420711,32000,1687391191030
bf91efffbe79480e90057e71efb86633,_best_score,0.7231761643102864,34000,1687393998150
bf91efffbe79480e90057e71efb86633,_best_score,0.724742762254269,39000,1687401005229
bf91efffbe79480e90057e71efb86633,_best_score,0.7260999902767917,40000,1687402400134
bf91efffbe79480e90057e71efb86633,_best_score,0.7267636285194421,42000,1687405188367
bf91efffbe79480e90057e71efb86633,_best_score,0.7271813505370628,47000,1687412125119
bf91efffbe79480e90057e71efb86633,_best_score,0.727725180867942,48000,1687413505898
bf91efffbe79480e90057e71efb86633,_best_score,0.7283838474463599,50000,1687416271105
bf91efffbe79480e90057e71efb86633,_best_score,0.7285442937232188,51000,1687417662614
bf91efffbe79480e90057e71efb86633,_best_score,0.7287451812106392,52000,1687419051246
bf91efffbe79480e90057e71efb86633,_best_score,0.7294835292873972,53000,1687420443267
bf91efffbe79480e90057e71efb86633,_best_score,0.7296502461806456,58000,1687427375719
bf91efffbe79480e90057e71efb86633,_best_score,0.7309081279945766,59000,1687428794418
bf91efffbe79480e90057e71efb86633,_best_score,0.7309437909315565,60000,1687430202992
bf91efffbe79480e90057e71efb86633,_best_score,0.7316518796414687,66000,1687438615140
bf91efffbe79480e90057e71efb86633,_best_score,0.7316700624301224,69000,1687442803456
bf91efffbe79480e90057e71efb86633,_best_score,0.7339554919850647,72000,1687446997560
bf91efffbe79480e90057e71efb86633,_best_score,0.7348902323235791,73000,1687448440098
bf91efffbe79480e90057e71efb86633,_best_score,0.7352054929178887,86000,1687466680207
c1dffa81cb094b8c80f90722b4b8f128,_best_score,0.12659044725984311,1000,1687349344830
c1dffa81cb094b8c80f90722b4b8f128,_best_score,0.27880516615638595,2000,1687350625193
c1dffa81cb094b8c80f90722b4b8f128,_best_score,0.39675441738195,3000,1687351957694
c1dffa81cb094b8c80f90722b4b8f128,_best_score,0.49347767369569406,4000,1687353253275
c1dffa81cb094b8c80f90722b4b8f128,_best_score,0.567375387382134,5000,1687354583925
c1dffa81cb094b8c80f90722b4b8f128,_best_score,0.6114203813267889,6000,1687355941802
c1dffa81cb094b8c80f90722b4b8f128,_best_score,0.6268546359248388,7000,1687357294624
c1dffa81cb094b8c80f90722b4b8f128,_best_score,0.650695582230027,8000,1687358659616
c1dffa81cb094b8c80f90722b4b8f128,_best_score,0.6634852286159423,9000,1687360025491
c1dffa81cb094b8c80f90722b4b8f128,_best_score,0.673140528795342,10000,1687361437022
c1dffa81cb094b8c80f90722b4b8f128,_best_score,0.6802884418687034,11000,1687362820066
c1dffa81cb094b8c80f90722b4b8f128,_best_score,0.6867318049675228,12000,1687364193500
c1dffa81cb094b8c80f90722b4b8f128,_best_score,0.6952734290682288,13000,1687365600112
c1dffa81cb094b8c80f90722b4b8f128,_best_score,0.6991606266868472,14000,1687367042954
c1dffa81cb094b8c80f90722b4b8f128,_best_score,0.7002519030663892,15000,1687368404210
c1dffa81cb094b8c80f90722b4b8f128,_best_score,0.7043013673776478,16000,1687369753111
c1dffa81cb094b8c80f90722b4b8f128,_best_score,0.7059067308287473,17000,1687371101773
c1dffa81cb094b8c80f90722b4b8f128,_best_score,0.709717396731431,19000,1687373780956
c1dffa81cb094b8c80f90722b4b8f128,_best_score,0.7142487834245256,21000,1687376467009
c1dffa81cb094b8c80f90722b4b8f128,_best_score,0.7150560176237556,22000,1687377800163
c1dffa81cb094b8c80f90722b4b8f128,_best_score,0.7165637143415505,24000,1687380499252
c1dffa81cb094b8c80f90722b4b8f128,_best_score,0.7175382766430378,26000,1687383219894
c1dffa81cb094b8c80f90722b4b8f128,_best_score,0.7195831877061262,27000,1687384571849
c1dffa81cb094b8c80f90722b4b8f128,_best_score,0.7227176445810745,29000,1687387294625
c1dffa81cb094b8c80f90722b4b8f128,_best_score,0.7235368409883178,33000,1687392601941
c1dffa81cb094b8c80f90722b4b8f128,_best_score,0.7236626840346575,34000,1687393927993
c1dffa81cb094b8c80f90722b4b8f128,_best_score,0.7237626110552555,35000,1687395280375
c1dffa81cb094b8c80f90722b4b8f128,_best_score,0.726097898294382,36000,1687396632023
c1dffa81cb094b8c80f90722b4b8f128,_best_score,0.7265918416644693,37000,1687397971247
c1dffa81cb094b8c80f90722b4b8f128,_best_score,0.7282845219020208,40000,1687402022710
c1dffa81cb094b8c80f90722b4b8f128,_best_score,0.7308051557107987,42000,1687404691218
c1dffa81cb094b8c80f90722b4b8f128,_best_score,0.7308275659991871,53000,1687419318448
c1dffa81cb094b8c80f90722b4b8f128,_best_score,0.7311131826691464,54000,1687420652436
c1dffa81cb094b8c80f90722b4b8f128,_best_score,0.7313984577617971,55000,1687421996772
c1dffa81cb094b8c80f90722b4b8f128,_best_score,0.7316213709257996,57000,1687424672361
c1dffa81cb094b8c80f90722b4b8f128,_best_score,0.7318543458869586,59000,1687427368547
c1dffa81cb094b8c80f90722b4b8f128,_best_score,0.7323911601542268,60000,1687428736669
c1dffa81cb094b8c80f90722b4b8f128,_best_score,0.7341032824306,63000,1687432800042
c1dffa81cb094b8c80f90722b4b8f128,_best_score,0.7343929440883434,73000,1687446487381
c1dffa81cb094b8c80f90722b4b8f128,_best_score,0.7353886556104111,78000,1687453334603
c1dffa81cb094b8c80f90722b4b8f128,_best_score,0.7354402127958881,91000,1687471502779
140c4db19dc749199ffa2f1be34c12ac,_best_score,0.11703765743000437,1000,1687349262777
140c4db19dc749199ffa2f1be34c12ac,_best_score,0.28268650470803947,2000,1687350577793
140c4db19dc749199ffa2f1be34c12ac,_best_score,0.399727422849275,3000,1687351931509
140c4db19dc749199ffa2f1be34c12ac,_best_score,0.5068357126267629,4000,1687353249486
140c4db19dc749199ffa2f1be34c12ac,_best_score,0.5716297747787312,5000,1687354583518
140c4db19dc749199ffa2f1be34c12ac,_best_score,0.6096637559992044,6000,1687355938043
140c4db19dc749199ffa2f1be34c12ac,_best_score,0.6375035112858837,7000,1687357293196
140c4db19dc749199ffa2f1be34c12ac,_best_score,0.6443508474341906,8000,1687358657309
140c4db19dc749199ffa2f1be34c12ac,_best_score,0.6625141331777749,9000,1687360024380
140c4db19dc749199ffa2f1be34c12ac,_best_score,0.6723241751702622,10000,1687361433586
140c4db19dc749199ffa2f1be34c12ac,_best_score,0.6822068876685922,11000,1687362818279
140c4db19dc749199ffa2f1be34c12ac,_best_score,0.6858086721729421,12000,1687364189541
140c4db19dc749199ffa2f1be34c12ac,_best_score,0.6917473357195264,13000,1687365598783
140c4db19dc749199ffa2f1be34c12ac,_best_score,0.6938257808768835,14000,1687367040033
140c4db19dc749199ffa2f1be34c12ac,_best_score,0.6962500607065781,15000,1687368402073
140c4db19dc749199ffa2f1be34c12ac,_best_score,0.6993667924698499,16000,1687369750943
140c4db19dc749199ffa2f1be34c12ac,_best_score,0.7033167215614712,17000,1687371097574
140c4db19dc749199ffa2f1be34c12ac,_best_score,0.7040639416149111,18000,1687372430531
140c4db19dc749199ffa2f1be34c12ac,_best_score,0.7075148615215119,19000,1687373778416
140c4db19dc749199ffa2f1be34c12ac,_best_score,0.7083236596003147,21000,1687376464509
140c4db19dc749199ffa2f1be34c12ac,_best_score,0.7106393609360834,22000,1687377796566
140c4db19dc749199ffa2f1be34c12ac,_best_score,0.7170526665586187,25000,1687381861770
140c4db19dc749199ffa2f1be34c12ac,_best_score,0.7192719947687688,29000,1687387291677
140c4db19dc749199ffa2f1be34c12ac,_best_score,0.7193371061139946,30000,1687388611950
140c4db19dc749199ffa2f1be34c12ac,_best_score,0.7213571236543657,31000,1687389935014
140c4db19dc749199ffa2f1be34c12ac,_best_score,0.7236066377043987,32000,1687391253696
140c4db19dc749199ffa2f1be34c12ac,_best_score,0.7250014147570162,35000,1687395275837
140c4db19dc749199ffa2f1be34c12ac,_best_score,0.7262627197002556,37000,1687397969617
140c4db19dc749199ffa2f1be34c12ac,_best_score,0.7269144595120767,40000,1687402019924
140c4db19dc749199ffa2f1be34c12ac,_best_score,0.7273257121436009,42000,1687404684989
140c4db19dc749199ffa2f1be34c12ac,_best_score,0.7278969605950019,44000,1687407336872
140c4db19dc749199ffa2f1be34c12ac,_best_score,0.7286464635180475,45000,1687408656281
140c4db19dc749199ffa2f1be34c12ac,_best_score,0.7295565195706829,49000,1687413956507
140c4db19dc749199ffa2f1be34c12ac,_best_score,0.7304464133392796,50000,1687415290045
140c4db19dc749199ffa2f1be34c12ac,_best_score,0.7304958755756439,54000,1687420648129
140c4db19dc749199ffa2f1be34c12ac,_best_score,0.7319619312427624,55000,1687421996358
140c4db19dc749199ffa2f1be34c12ac,_best_score,0.733565985864966,59000,1687427366588
140c4db19dc749199ffa2f1be34c12ac,_best_score,0.7350878025457123,73000,1687446485196
140c4db19dc749199ffa2f1be34c12ac,_best_score,0.7355129561810313,95000,1687477011539
140c4db19dc749199ffa2f1be34c12ac,_best_score,0.735914553235749,98000,1687481153390
140c4db19dc749199ffa2f1be34c12ac,_best_score,0.7366620909232351,100000,1687483909510
95867027b97e46678353f34233ddae29,_best_score,0.06536922915683138,1000,1687348534992
95867027b97e46678353f34233ddae29,_best_score,0.2900665043936784,2000,1687349793289
95867027b97e46678353f34233ddae29,_best_score,0.39846923574488907,3000,1687351145450
95867027b97e46678353f34233ddae29,_best_score,0.5154194922542418,4000,1687352476048
95867027b97e46678353f34233ddae29,_best_score,0.579853615387645,5000,1687353781763
95867027b97e46678353f34233ddae29,_best_score,0.6149898762891715,6000,1687355136313
95867027b97e46678353f34233ddae29,_best_score,0.6379626840816185,7000,1687356491229
95867027b97e46678353f34233ddae29,_best_score,0.652426179571599,8000,1687357836406
95867027b97e46678353f34233ddae29,_best_score,0.6645440716363235,9000,1687359156744
95867027b97e46678353f34233ddae29,_best_score,0.6732528660272276,10000,1687360481459
95867027b97e46678353f34233ddae29,_best_score,0.6832131809857457,11000,1687361857173
95867027b97e46678353f34233ddae29,_best_score,0.6879596776125995,12000,1687363218097
95867027b97e46678353f34233ddae29,_best_score,0.6940133742339163,13000,1687364568934
95867027b97e46678353f34233ddae29,_best_score,0.6965965266629883,14000,1687365957918
95867027b97e46678353f34233ddae29,_best_score,0.699051898956698,16000,1687368673635
95867027b97e46678353f34233ddae29,_best_score,0.7033120202966918,17000,1687370011490
95867027b97e46678353f34233ddae29,_best_score,0.705381044018249,19000,1687372726090
95867027b97e46678353f34233ddae29,_best_score,0.707607514301115,20000,1687374097198
95867027b97e46678353f34233ddae29,_best_score,0.7078015661800007,21000,1687375470115
95867027b97e46678353f34233ddae29,_best_score,0.7094512010232428,22000,1687376832763
95867027b97e46678353f34233ddae29,_best_score,0.7128197627059272,23000,1687378204767
95867027b97e46678353f34233ddae29,_best_score,0.7139526279466173,24000,1687379578498
95867027b97e46678353f34233ddae29,_best_score,0.7161493621877804,26000,1687382301230
95867027b97e46678353f34233ddae29,_best_score,0.7172906453752409,28000,1687385011968
95867027b97e46678353f34233ddae29,_best_score,0.7185578134627962,29000,1687386377028
95867027b97e46678353f34233ddae29,_best_score,0.7199569349193143,30000,1687387731481
95867027b97e46678353f34233ddae29,_best_score,0.7227007677834048,31000,1687389094014
95867027b97e46678353f34233ddae29,_best_score,0.7251027844116266,36000,1687395949295
95867027b97e46678353f34233ddae29,_best_score,0.7268073371928238,38000,1687398714571
95867027b97e46678353f34233ddae29,_best_score,0.7287850777179857,43000,1687405569564
95867027b97e46678353f34233ddae29,_best_score,0.7295764598689564,49000,1687413703562
95867027b97e46678353f34233ddae29,_best_score,0.7298168266199514,52000,1687417823723
95867027b97e46678353f34233ddae29,_best_score,0.7308290588422425,54000,1687420585454
95867027b97e46678353f34233ddae29,_best_score,0.732991674790322,58000,1687426145258
95867027b97e46678353f34233ddae29,_best_score,0.7344488464334552,60000,1687428960521
95867027b97e46678353f34233ddae29,_best_score,0.7344598462935433,72000,1687445695055
95867027b97e46678353f34233ddae29,_best_score,0.7353830278229959,76000,1687451416741
95867027b97e46678353f34233ddae29,_best_score,0.7355046475295136,78000,1687454231565
95867027b97e46678353f34233ddae29,_best_score,0.7359662284461344,91000,1687472384961
95867027b97e46678353f34233ddae29,_best_score,0.7366726105354258,92000,1687473781731
95867027b97e46678353f34233ddae29,_best_score,0.7370565527813794,96000,1687479348635
6c2492b3227d44b1bcb5eb1ab9bddf83,_best_score,0.08745590017405049,1000,1687507198003
6c2492b3227d44b1bcb5eb1ab9bddf83,_best_score,0.2850572888257469,2000,1687508482037
6c2492b3227d44b1bcb5eb1ab9bddf83,_best_score,0.39506233905457383,3000,1687509768730
6c2492b3227d44b1bcb5eb1ab9bddf83,_best_score,0.4795911522289706,4000,1687511102360
6c2492b3227d44b1bcb5eb1ab9bddf83,_best_score,0.5659193829436137,5000,1687512419162
6c2492b3227d44b1bcb5eb1ab9bddf83,_best_score,0.6036339161694521,6000,1687513738734
6c2492b3227d44b1bcb5eb1ab9bddf83,_best_score,0.6317630118325426,7000,1687514994917
6c2492b3227d44b1bcb5eb1ab9bddf83,_best_score,0.6459435331771477,8000,1687516281362
6c2492b3227d44b1bcb5eb1ab9bddf83,_best_score,0.6629512155049774,9000,1687517540941
6c2492b3227d44b1bcb5eb1ab9bddf83,_best_score,0.6773423933081547,10000,1687518800070
6c2492b3227d44b1bcb5eb1ab9bddf83,_best_score,0.6839056235642995,11000,1687520052459
6c2492b3227d44b1bcb5eb1ab9bddf83,_best_score,0.6864266211643136,12000,1687521343006
6c2492b3227d44b1bcb5eb1ab9bddf83,_best_score,0.6923514564535795,13000,1687522651388
6c2492b3227d44b1bcb5eb1ab9bddf83,_best_score,0.6985326453785475,14000,1687523928643
6c2492b3227d44b1bcb5eb1ab9bddf83,_best_score,0.7012429267976158,15000,1687525187844
6c2492b3227d44b1bcb5eb1ab9bddf83,_best_score,0.701847971182111,17000,1687527798772
6c2492b3227d44b1bcb5eb1ab9bddf83,_best_score,0.7052656728038205,18000,1687529117223
6c2492b3227d44b1bcb5eb1ab9bddf83,_best_score,0.7076954819170727,19000,1687530440417
6c2492b3227d44b1bcb5eb1ab9bddf83,_best_score,0.7114765407519569,20000,1687531732847
6c2492b3227d44b1bcb5eb1ab9bddf83,_best_score,0.7116634147650422,22000,1687534213336
6c2492b3227d44b1bcb5eb1ab9bddf83,_best_score,0.7144622872320846,23000,1687535455676
6c2492b3227d44b1bcb5eb1ab9bddf83,_best_score,0.7160828948480191,24000,1687536693949
6c2492b3227d44b1bcb5eb1ab9bddf83,_best_score,0.7177424014377477,26000,1687539184425
6c2492b3227d44b1bcb5eb1ab9bddf83,_best_score,0.7191049144769374,28000,1687541648103
6c2492b3227d44b1bcb5eb1ab9bddf83,_best_score,0.7195688240209389,31000,1687545357965
6c2492b3227d44b1bcb5eb1ab9bddf83,_best_score,0.720374707459472,32000,1687546605093
6c2492b3227d44b1bcb5eb1ab9bddf83,_best_score,0.7234679768839076,33000,1687547844247
6c2492b3227d44b1bcb5eb1ab9bddf83,_best_score,0.7258603982556756,35000,1687550318725
6c2492b3227d44b1bcb5eb1ab9bddf83,_best_score,0.7274615767347395,36000,1687551604236
6c2492b3227d44b1bcb5eb1ab9bddf83,_best_score,0.7274921758199345,41000,1687557884583
6c2492b3227d44b1bcb5eb1ab9bddf83,_best_score,0.729823362440941,42000,1687559143650
6c2492b3227d44b1bcb5eb1ab9bddf83,_best_score,0.7301385572488162,45000,1687562930977
6c2492b3227d44b1bcb5eb1ab9bddf83,_best_score,0.7309500530977445,49000,1687568143572
6c2492b3227d44b1bcb5eb1ab9bddf83,_best_score,0.7325727881663764,50000,1687569479161
6c2492b3227d44b1bcb5eb1ab9bddf83,_best_score,0.7335655538993177,53000,1687573533556
6c2492b3227d44b1bcb5eb1ab9bddf83,_best_score,0.7338887582911543,65000,1687589877520
6c2492b3227d44b1bcb5eb1ab9bddf83,_best_score,0.7340826015936641,69000,1687595206126
6c2492b3227d44b1bcb5eb1ab9bddf83,_best_score,0.7350688187996329,76000,1687604396111
6c2492b3227d44b1bcb5eb1ab9bddf83,_best_score,0.7355380107301014,79000,1687608344365
6c2492b3227d44b1bcb5eb1ab9bddf83,_best_score,0.7356611710908666,80000,1687609797331
6c2492b3227d44b1bcb5eb1ab9bddf83,_best_score,0.7359006249510678,82000,1687612611161
6c2492b3227d44b1bcb5eb1ab9bddf83,_best_score,0.7361242088596929,85000,1687616793106
6c2492b3227d44b1bcb5eb1ab9bddf83,_best_score,0.7366492270225818,86000,1687618173701
6c2492b3227d44b1bcb5eb1ab9bddf83,_best_score,0.73730532476682,88000,1687620931331
6c2492b3227d44b1bcb5eb1ab9bddf83,_best_score,0.7377266611319332,91000,1687625066708
6c2492b3227d44b1bcb5eb1ab9bddf83,_best_score,0.7380744591497694,94000,1687629276113
1ad87a69f3fb471d95421bc496f00015,_best_score,0.10477397732891737,1000,1687348276736
1ad87a69f3fb471d95421bc496f00015,_best_score,0.2789061910360012,2000,1687349558640
1ad87a69f3fb471d95421bc496f00015,_best_score,0.38961356838264727,3000,1687350893420
1ad87a69f3fb471d95421bc496f00015,_best_score,0.4860750864684533,4000,1687352219831
1ad87a69f3fb471d95421bc496f00015,_best_score,0.562765693892899,5000,1687353559216
1ad87a69f3fb471d95421bc496f00015,_best_score,0.6133780659137685,6000,1687354899690
1ad87a69f3fb471d95421bc496f00015,_best_score,0.6374373130699249,7000,1687356227811
1ad87a69f3fb471d95421bc496f00015,_best_score,0.6584495231142076,8000,1687357574126
1ad87a69f3fb471d95421bc496f00015,_best_score,0.6698532760448397,9000,1687358924007
1ad87a69f3fb471d95421bc496f00015,_best_score,0.6790640451328488,10000,1687360284314
1ad87a69f3fb471d95421bc496f00015,_best_score,0.6802423870080985,11000,1687361677363
1ad87a69f3fb471d95421bc496f00015,_best_score,0.6886024050539608,12000,1687363070598
1ad87a69f3fb471d95421bc496f00015,_best_score,0.6923304134127528,13000,1687364452071
1ad87a69f3fb471d95421bc496f00015,_best_score,0.6975670102452006,14000,1687365852588
1ad87a69f3fb471d95421bc496f00015,_best_score,0.7008491706607355,15000,1687367249465
1ad87a69f3fb471d95421bc496f00015,_best_score,0.702887166640389,16000,1687368622999
1ad87a69f3fb471d95421bc496f00015,_best_score,0.7032907699798115,17000,1687369983214
1ad87a69f3fb471d95421bc496f00015,_best_score,0.7076697548744638,19000,1687372726095
1ad87a69f3fb471d95421bc496f00015,_best_score,0.7121027304482174,20000,1687374097200
1ad87a69f3fb471d95421bc496f00015,_best_score,0.7121237846049495,23000,1687378205637
1ad87a69f3fb471d95421bc496f00015,_best_score,0.71310893966815,24000,1687379579745
1ad87a69f3fb471d95421bc496f00015,_best_score,0.7141325882031976,27000,1687383658567
1ad87a69f3fb471d95421bc496f00015,_best_score,0.7152451276400958,28000,1687385011785
1ad87a69f3fb471d95421bc496f00015,_best_score,0.719176125872167,29000,1687386378396
1ad87a69f3fb471d95421bc496f00015,_best_score,0.7199271420217122,33000,1687391795874
1ad87a69f3fb471d95421bc496f00015,_best_score,0.7204328616192381,35000,1687394551503
1ad87a69f3fb471d95421bc496f00015,_best_score,0.7225246305626322,36000,1687395951065
1ad87a69f3fb471d95421bc496f00015,_best_score,0.722848987068916,38000,1687398715899
1ad87a69f3fb471d95421bc496f00015,_best_score,0.7265410303035059,41000,1687402836851
1ad87a69f3fb471d95421bc496f00015,_best_score,0.7282745898131269,45000,1687408293482
1ad87a69f3fb471d95421bc496f00015,_best_score,0.7291178224058446,46000,1687409646067
1ad87a69f3fb471d95421bc496f00015,_best_score,0.7291376388581868,49000,1687413705981
1ad87a69f3fb471d95421bc496f00015,_best_score,0.729953546989919,53000,1687419210797
1ad87a69f3fb471d95421bc496f00015,_best_score,0.7306053604612189,54000,1687420587492
1ad87a69f3fb471d95421bc496f00015,_best_score,0.7331557890510286,55000,1687421968393
1ad87a69f3fb471d95421bc496f00015,_best_score,0.7334023563615536,70000,1687442922757
1ad87a69f3fb471d95421bc496f00015,_best_score,0.7334559902425672,80000,1687457020192
1ad87a69f3fb471d95421bc496f00015,_best_score,0.7334984095559333,82000,1687459766368
1ad87a69f3fb471d95421bc496f00015,_best_score,0.7341924393863652,86000,1687465350168
1ad87a69f3fb471d95421bc496f00015,_best_score,0.7345840260825482,90000,1687470978825
1ad87a69f3fb471d95421bc496f00015,_best_score,0.7347983607104875,91000,1687472385918